subjID,gen_correct_pred,MC_correct_pred,human_vs_gpt,exp1_vs_exp2,prob_type,onerule_subtype
0,1,1,0,0,0,0
0,1,1,0,0,0,0
0,1,1,0,0,0,1
0,1,1,0,0,0,1
0,1,1,0,0,0,2
0,1,1,0,0,0,2
0,1,1,0,0,1,-1
0,1,1,0,0,1,-1
0,1,1,0,0,1,-1
0,1,1,0,0,1,-1
0,1,1,0,0,1,-1
0,1,1,0,0,1,-1
0,1,1,0,0,2,-1
0,1,1,0,0,2,-1
0,1,1,0,0,2,-1
0,1,1,0,0,2,-1
0,1,1,0,0,2,-1
0,1,1,0,0,2,-1
0,1,1,0,0,2,-1
0,1,1,0,0,2,-1
0,1,1,0,0,2,-1
0,1,1,0,0,2,-1
1,1,1,0,0,0,0
1,1,1,0,0,0,0
1,1,1,0,0,0,1
1,1,1,0,0,0,1
1,1,1,0,0,0,2
1,1,1,0,0,0,2
1,1,1,0,0,1,-1
1,0,1,0,0,1,-1
1,1,1,0,0,1,-1
1,1,1,0,0,1,-1
1,1,1,0,0,1,-1
1,1,1,0,0,1,-1
1,1,1,0,0,2,-1
1,1,1,0,0,2,-1
1,1,1,0,0,2,-1
1,0,0,0,0,2,-1
1,0,0,0,0,2,-1
1,0,0,0,0,2,-1
1,0,0,0,0,2,-1
1,1,1,0,0,2,-1
1,0,0,0,0,2,-1
1,1,1,0,0,2,-1
2,1,1,0,0,0,0
2,1,1,0,0,0,0
2,1,1,0,0,0,1
2,1,1,0,0,0,1
2,1,1,0,0,0,2
2,0,0,0,0,0,2
2,1,1,0,0,1,-1
2,1,1,0,0,1,-1
2,1,1,0,0,1,-1
2,1,1,0,0,1,-1
2,1,1,0,0,1,-1
2,1,1,0,0,1,-1
2,1,1,0,0,2,-1
2,1,1,0,0,2,-1
2,1,1,0,0,2,-1
2,1,1,0,0,2,-1
2,1,1,0,0,2,-1
2,1,1,0,0,2,-1
2,1,1,0,0,2,-1
2,1,1,0,0,2,-1
2,0,0,0,0,2,-1
2,0,0,0,0,2,-1
3,1,1,0,0,0,0
3,1,1,0,0,0,0
3,1,1,0,0,0,1
3,1,1,0,0,0,1
3,1,1,0,0,0,2
3,1,1,0,0,0,2
3,1,1,0,0,1,-1
3,1,1,0,0,1,-1
3,1,1,0,0,1,-1
3,1,1,0,0,1,-1
3,1,1,0,0,1,-1
3,1,1,0,0,1,-1
3,1,1,0,0,2,-1
3,1,1,0,0,2,-1
3,1,1,0,0,2,-1
3,1,1,0,0,2,-1
3,1,1,0,0,2,-1
3,1,1,0,0,2,-1
3,1,1,0,0,2,-1
3,0,1,0,0,2,-1
3,0,1,0,0,2,-1
3,0,0,0,0,2,-1
4,1,1,0,0,0,0
4,1,1,0,0,0,0
4,1,1,0,0,0,1
4,1,1,0,0,0,1
4,1,1,0,0,0,2
4,1,1,0,0,0,2
4,1,1,0,0,1,-1
4,0,0,0,0,1,-1
4,1,1,0,0,1,-1
4,1,1,0,0,1,-1
4,0,0,0,0,1,-1
4,1,1,0,0,1,-1
4,1,1,0,0,2,-1
4,1,1,0,0,2,-1
4,0,1,0,0,2,-1
4,1,1,0,0,2,-1
4,1,1,0,0,2,-1
4,1,1,0,0,2,-1
4,1,1,0,0,2,-1
4,1,1,0,0,2,-1
4,1,1,0,0,2,-1
4,1,1,0,0,2,-1
5,1,1,0,0,0,0
5,1,1,0,0,0,0
5,1,1,0,0,0,1
5,1,1,0,0,0,1
5,0,0,0,0,0,2
5,1,1,0,0,0,2
5,0,0,0,0,1,-1
5,0,0,0,0,1,-1
5,0,0,0,0,1,-1
5,1,1,0,0,1,-1
5,0,0,0,0,1,-1
5,0,0,0,0,1,-1
5,1,1,0,0,2,-1
5,0,0,0,0,2,-1
5,0,1,0,0,2,-1
5,0,0,0,0,2,-1
5,0,0,0,0,2,-1
5,0,0,0,0,2,-1
5,0,0,0,0,2,-1
5,0,0,0,0,2,-1
5,0,0,0,0,2,-1
5,0,0,0,0,2,-1
6,1,1,0,0,0,0
6,1,1,0,0,0,0
6,1,1,0,0,0,1
6,1,1,0,0,0,1
6,0,0,0,0,0,2
6,0,0,0,0,0,2
6,1,1,0,0,1,-1
6,0,0,0,0,1,-1
6,0,0,0,0,1,-1
6,1,1,0,0,1,-1
6,0,0,0,0,1,-1
6,0,0,0,0,1,-1
6,1,1,0,0,2,-1
6,0,0,0,0,2,-1
6,0,0,0,0,2,-1
6,0,0,0,0,2,-1
6,0,1,0,0,2,-1
6,0,0,0,0,2,-1
6,0,0,0,0,2,-1
6,0,1,0,0,2,-1
6,0,0,0,0,2,-1
6,0,0,0,0,2,-1
7,1,1,0,0,0,0
7,1,1,0,0,0,0
7,1,1,0,0,0,1
7,1,1,0,0,0,1
7,0,0,0,0,0,2
7,0,0,0,0,0,2
7,0,1,0,0,1,-1
7,0,1,0,0,1,-1
7,1,1,0,0,1,-1
7,0,1,0,0,1,-1
7,0,0,0,0,1,-1
7,1,1,0,0,1,-1
7,1,1,0,0,2,-1
7,1,1,0,0,2,-1
7,1,1,0,0,2,-1
7,0,0,0,0,2,-1
7,0,0,0,0,2,-1
7,1,1,0,0,2,-1
7,1,1,0,0,2,-1
7,0,0,0,0,2,-1
7,0,1,0,0,2,-1
7,0,1,0,0,2,-1
8,1,1,0,0,0,0
8,1,1,0,0,0,0
8,1,1,0,0,0,1
8,1,1,0,0,0,1
8,1,1,0,0,0,2
8,0,0,0,0,0,2
8,1,1,0,0,1,-1
8,1,1,0,0,1,-1
8,1,1,0,0,1,-1
8,1,1,0,0,1,-1
8,0,0,0,0,1,-1
8,1,1,0,0,1,-1
8,1,1,0,0,2,-1
8,1,1,0,0,2,-1
8,0,1,0,0,2,-1
8,0,0,0,0,2,-1
8,0,0,0,0,2,-1
8,0,0,0,0,2,-1
8,1,1,0,0,2,-1
8,1,1,0,0,2,-1
8,0,0,0,0,2,-1
8,0,1,0,0,2,-1
9,0,0,0,0,0,0
9,0,0,0,0,0,0
9,1,1,0,0,0,1
9,0,0,0,0,0,1
9,0,0,0,0,0,2
9,0,0,0,0,0,2
9,0,0,0,0,1,-1
9,0,1,0,0,1,-1
9,0,0,0,0,1,-1
9,0,0,0,0,1,-1
9,0,0,0,0,1,-1
9,0,0,0,0,1,-1
9,0,0,0,0,2,-1
9,0,0,0,0,2,-1
9,0,0,0,0,2,-1
9,0,1,0,0,2,-1
9,0,0,0,0,2,-1
9,0,1,0,0,2,-1
9,0,0,0,0,2,-1
9,0,0,0,0,2,-1
9,0,0,0,0,2,-1
9,0,0,0,0,2,-1
10,1,1,0,0,0,0
10,1,1,0,0,0,0
10,1,1,0,0,0,1
10,1,1,0,0,0,1
10,1,1,0,0,0,2
10,1,1,0,0,0,2
10,1,1,0,0,1,-1
10,1,1,0,0,1,-1
10,0,1,0,0,1,-1
10,1,1,0,0,1,-1
10,0,1,0,0,1,-1
10,0,0,0,0,1,-1
10,1,1,0,0,2,-1
10,1,1,0,0,2,-1
10,1,1,0,0,2,-1
10,0,1,0,0,2,-1
10,0,0,0,0,2,-1
10,1,1,0,0,2,-1
10,0,0,0,0,2,-1
10,0,0,0,0,2,-1
10,0,0,0,0,2,-1
10,0,0,0,0,2,-1
11,1,1,0,0,0,0
11,1,1,0,0,0,0
11,1,1,0,0,0,1
11,1,1,0,0,0,1
11,1,1,0,0,0,2
11,1,1,0,0,0,2
11,1,1,0,0,1,-1
11,1,1,0,0,1,-1
11,0,1,0,0,1,-1
11,1,1,0,0,1,-1
11,0,1,0,0,1,-1
11,1,1,0,0,1,-1
11,1,1,0,0,2,-1
11,1,0,0,0,2,-1
11,0,1,0,0,2,-1
11,1,1,0,0,2,-1
11,0,1,0,0,2,-1
11,0,1,0,0,2,-1
11,1,1,0,0,2,-1
11,0,1,0,0,2,-1
11,0,0,0,0,2,-1
11,1,1,0,0,2,-1
12,0,0,0,0,0,0
12,0,1,0,0,0,0
12,0,1,0,0,0,1
12,0,1,0,0,0,1
12,0,0,0,0,0,2
12,0,0,0,0,0,2
12,0,0,0,0,1,-1
12,0,1,0,0,1,-1
12,0,0,0,0,1,-1
12,0,1,0,0,1,-1
12,0,0,0,0,1,-1
12,0,0,0,0,1,-1
12,0,0,0,0,2,-1
12,0,0,0,0,2,-1
12,0,0,0,0,2,-1
12,0,0,0,0,2,-1
12,0,1,0,0,2,-1
12,0,1,0,0,2,-1
12,0,0,0,0,2,-1
12,0,0,0,0,2,-1
12,0,0,0,0,2,-1
12,0,0,0,0,2,-1
13,1,1,0,0,0,0
13,1,1,0,0,0,0
13,1,1,0,0,0,1
13,1,1,0,0,0,1
13,1,1,0,0,0,2
13,1,1,0,0,0,2
13,1,1,0,0,1,-1
13,0,0,0,0,1,-1
13,0,1,0,0,1,-1
13,0,0,0,0,1,-1
13,0,0,0,0,1,-1
13,0,1,0,0,1,-1
13,1,1,0,0,2,-1
13,0,0,0,0,2,-1
13,0,0,0,0,2,-1
13,0,1,0,0,2,-1
13,0,1,0,0,2,-1
13,1,1,0,0,2,-1
13,0,1,0,0,2,-1
13,0,0,0,0,2,-1
13,0,1,0,0,2,-1
13,1,1,0,0,2,-1
14,1,1,0,0,0,0
14,1,1,0,0,0,0
14,1,1,0,0,0,1
14,1,1,0,0,0,1
14,0,0,0,0,0,2
14,0,0,0,0,0,2
14,1,1,0,0,1,-1
14,1,1,0,0,1,-1
14,1,1,0,0,1,-1
14,1,1,0,0,1,-1
14,1,1,0,0,1,-1
14,1,1,0,0,1,-1
14,1,1,0,0,2,-1
14,1,1,0,0,2,-1
14,1,1,0,0,2,-1
14,1,1,0,0,2,-1
14,1,1,0,0,2,-1
14,1,1,0,0,2,-1
14,1,1,0,0,2,-1
14,0,0,0,0,2,-1
14,0,0,0,0,2,-1
14,0,0,0,0,2,-1
15,1,1,0,0,0,0
15,1,1,0,0,0,0
15,1,1,0,0,0,1
15,1,1,0,0,0,1
15,1,1,0,0,0,2
15,1,1,0,0,0,2
15,0,1,0,0,1,-1
15,1,1,0,0,1,-1
15,1,1,0,0,1,-1
15,1,1,0,0,1,-1
15,1,1,0,0,1,-1
15,0,1,0,0,1,-1
15,1,1,0,0,2,-1
15,1,1,0,0,2,-1
15,1,1,0,0,2,-1
15,1,1,0,0,2,-1
15,1,1,0,0,2,-1
15,1,1,0,0,2,-1
15,1,1,0,0,2,-1
15,1,1,0,0,2,-1
15,1,1,0,0,2,-1
15,1,1,0,0,2,-1
16,0,0,0,0,0,0
16,0,0,0,0,0,0
16,0,0,0,0,0,1
16,0,0,0,0,0,1
16,0,1,0,0,0,2
16,0,0,0,0,0,2
16,0,0,0,0,1,-1
16,0,0,0,0,1,-1
16,0,0,0,0,1,-1
16,0,1,0,0,1,-1
16,0,0,0,0,1,-1
16,0,0,0,0,1,-1
16,0,1,0,0,2,-1
16,0,0,0,0,2,-1
16,0,0,0,0,2,-1
16,0,0,0,0,2,-1
16,0,0,0,0,2,-1
16,0,0,0,0,2,-1
16,0,0,0,0,2,-1
16,0,0,0,0,2,-1
16,0,0,0,0,2,-1
16,0,0,0,0,2,-1
17,1,1,0,0,0,0
17,1,1,0,0,0,0
17,1,1,0,0,0,1
17,1,1,0,0,0,1
17,1,1,0,0,0,2
17,0,0,0,0,0,2
17,1,1,0,0,1,-1
17,1,1,0,0,1,-1
17,0,1,0,0,1,-1
17,1,1,0,0,1,-1
17,1,1,0,0,1,-1
17,1,1,0,0,1,-1
17,1,1,0,0,2,-1
17,1,1,0,0,2,-1
17,1,1,0,0,2,-1
17,1,1,0,0,2,-1
17,1,1,0,0,2,-1
17,1,1,0,0,2,-1
17,1,1,0,0,2,-1
17,1,1,0,0,2,-1
17,1,1,0,0,2,-1
17,1,1,0,0,2,-1
18,1,1,0,0,0,0
18,1,1,0,0,0,0
18,1,1,0,0,0,1
18,1,1,0,0,0,1
18,0,0,0,0,0,2
18,0,0,0,0,0,2
18,1,1,0,0,1,-1
18,0,0,0,0,1,-1
18,0,0,0,0,1,-1
18,0,0,0,0,1,-1
18,0,0,0,0,1,-1
18,0,1,0,0,1,-1
18,1,1,0,0,2,-1
18,0,0,0,0,2,-1
18,0,0,0,0,2,-1
18,0,0,0,0,2,-1
18,0,0,0,0,2,-1
18,0,0,0,0,2,-1
18,0,0,0,0,2,-1
18,0,0,0,0,2,-1
18,0,0,0,0,2,-1
18,0,0,0,0,2,-1
19,1,1,0,0,0,0
19,1,0,0,0,0,0
19,1,0,0,0,0,1
19,1,1,0,0,0,1
19,1,1,0,0,0,2
19,0,0,0,0,0,2
19,0,0,0,0,1,-1
19,0,0,0,0,1,-1
19,0,0,0,0,1,-1
19,0,0,0,0,1,-1
19,0,0,0,0,1,-1
19,0,1,0,0,1,-1
19,0,0,0,0,2,-1
19,0,0,0,0,2,-1
19,0,0,0,0,2,-1
19,0,0,0,0,2,-1
19,0,0,0,0,2,-1
19,0,0,0,0,2,-1
19,0,0,0,0,2,-1
19,0,0,0,0,2,-1
19,0,0,0,0,2,-1
19,0,0,0,0,2,-1
20,1,1,0,0,0,0
20,1,1,0,0,0,0
20,1,1,0,0,0,1
20,1,1,0,0,0,1
20,1,1,0,0,0,2
20,1,1,0,0,0,2
20,1,1,0,0,1,-1
20,1,1,0,0,1,-1
20,1,1,0,0,1,-1
20,1,1,0,0,1,-1
20,1,1,0,0,1,-1
20,1,1,0,0,1,-1
20,1,1,0,0,2,-1
20,1,1,0,0,2,-1
20,1,1,0,0,2,-1
20,1,1,0,0,2,-1
20,1,1,0,0,2,-1
20,1,1,0,0,2,-1
20,1,1,0,0,2,-1
20,1,1,0,0,2,-1
20,1,1,0,0,2,-1
20,0,1,0,0,2,-1
21,1,1,0,0,0,0
21,1,1,0,0,0,0
21,1,1,0,0,0,1
21,1,1,0,0,0,1
21,1,1,0,0,0,2
21,0,0,0,0,0,2
21,1,1,0,0,1,-1
21,0,0,0,0,1,-1
21,0,0,0,0,1,-1
21,0,0,0,0,1,-1
21,0,0,0,0,1,-1
21,0,0,0,0,1,-1
21,1,1,0,0,2,-1
21,1,1,0,0,2,-1
21,1,1,0,0,2,-1
21,0,0,0,0,2,-1
21,0,0,0,0,2,-1
21,0,0,0,0,2,-1
21,0,0,0,0,2,-1
21,0,0,0,0,2,-1
21,0,0,0,0,2,-1
21,0,1,0,0,2,-1
22,1,1,0,0,0,0
22,1,1,0,0,0,0
22,1,1,0,0,0,1
22,1,1,0,0,0,1
22,1,1,0,0,0,2
22,1,1,0,0,0,2
22,1,1,0,0,1,-1
22,1,1,0,0,1,-1
22,1,1,0,0,1,-1
22,1,1,0,0,1,-1
22,0,0,0,0,1,-1
22,0,0,0,0,1,-1
22,0,0,0,0,2,-1
22,1,1,0,0,2,-1
22,0,0,0,0,2,-1
22,0,0,0,0,2,-1
22,1,1,0,0,2,-1
22,0,0,0,0,2,-1
22,1,1,0,0,2,-1
22,1,1,0,0,2,-1
22,1,1,0,0,2,-1
22,1,1,0,0,2,-1
23,1,1,0,0,0,0
23,1,1,0,0,0,0
23,1,1,0,0,0,1
23,1,1,0,0,0,1
23,1,1,0,0,0,2
23,1,1,0,0,0,2
23,1,1,0,0,1,-1
23,1,1,0,0,1,-1
23,1,1,0,0,1,-1
23,1,1,0,0,1,-1
23,1,1,0,0,1,-1
23,1,1,0,0,1,-1
23,1,1,0,0,2,-1
23,1,1,0,0,2,-1
23,0,1,0,0,2,-1
23,1,1,0,0,2,-1
23,0,1,0,0,2,-1
23,1,1,0,0,2,-1
23,1,1,0,0,2,-1
23,0,0,0,0,2,-1
23,1,1,0,0,2,-1
23,1,1,0,0,2,-1
24,1,1,0,0,0,0
24,1,1,0,0,0,0
24,1,1,0,0,0,1
24,1,1,0,0,0,1
24,1,1,0,0,0,2
24,1,1,0,0,0,2
24,0,1,0,0,1,-1
24,0,0,0,0,1,-1
24,0,1,0,0,1,-1
24,0,0,0,0,1,-1
24,0,0,0,0,1,-1
24,1,1,0,0,1,-1
24,0,0,0,0,2,-1
24,0,0,0,0,2,-1
24,0,0,0,0,2,-1
24,0,0,0,0,2,-1
24,0,0,0,0,2,-1
24,1,1,0,0,2,-1
24,1,1,0,0,2,-1
24,0,1,0,0,2,-1
24,0,0,0,0,2,-1
24,0,0,0,0,2,-1
25,1,1,0,0,0,0
25,1,1,0,0,0,0
25,1,1,0,0,0,1
25,1,1,0,0,0,1
25,1,1,0,0,0,2
25,1,1,0,0,0,2
25,1,1,0,0,1,-1
25,1,1,0,0,1,-1
25,1,1,0,0,1,-1
25,1,1,0,0,1,-1
25,1,1,0,0,1,-1
25,1,1,0,0,1,-1
25,1,1,0,0,2,-1
25,1,1,0,0,2,-1
25,1,1,0,0,2,-1
25,1,1,0,0,2,-1
25,1,1,0,0,2,-1
25,1,1,0,0,2,-1
25,1,1,0,0,2,-1
25,1,1,0,0,2,-1
25,1,1,0,0,2,-1
25,1,1,0,0,2,-1
26,1,1,0,0,0,0
26,1,1,0,0,0,0
26,1,1,0,0,0,1
26,1,1,0,0,0,1
26,1,1,0,0,0,2
26,1,1,0,0,0,2
26,1,1,0,0,1,-1
26,1,1,0,0,1,-1
26,1,1,0,0,1,-1
26,1,1,0,0,1,-1
26,1,1,0,0,1,-1
26,1,1,0,0,1,-1
26,1,1,0,0,2,-1
26,1,1,0,0,2,-1
26,1,1,0,0,2,-1
26,1,1,0,0,2,-1
26,1,1,0,0,2,-1
26,0,1,0,0,2,-1
26,1,1,0,0,2,-1
26,1,1,0,0,2,-1
26,1,1,0,0,2,-1
26,1,1,0,0,2,-1
27,1,1,0,0,0,0
27,1,1,0,0,0,0
27,1,1,0,0,0,1
27,1,1,0,0,0,1
27,1,1,0,0,0,2
27,1,1,0,0,0,2
27,1,1,0,0,1,-1
27,1,1,0,0,1,-1
27,1,1,0,0,1,-1
27,1,1,0,0,1,-1
27,0,1,0,0,1,-1
27,1,1,0,0,1,-1
27,1,1,0,0,2,-1
27,0,1,0,0,2,-1
27,1,1,0,0,2,-1
27,1,1,0,0,2,-1
27,1,1,0,0,2,-1
27,1,1,0,0,2,-1
27,1,1,0,0,2,-1
27,1,1,0,0,2,-1
27,1,1,0,0,2,-1
27,0,1,0,0,2,-1
28,1,1,0,0,0,0
28,1,1,0,0,0,0
28,1,1,0,0,0,1
28,1,1,0,0,0,1
28,0,0,0,0,0,2
28,0,0,0,0,0,2
28,1,1,0,0,1,-1
28,1,1,0,0,1,-1
28,0,0,0,0,1,-1
28,1,1,0,0,1,-1
28,0,0,0,0,1,-1
28,0,0,0,0,1,-1
28,1,1,0,0,2,-1
28,0,0,0,0,2,-1
28,0,0,0,0,2,-1
28,0,0,0,0,2,-1
28,0,0,0,0,2,-1
28,0,0,0,0,2,-1
28,1,1,0,0,2,-1
28,0,0,0,0,2,-1
28,0,0,0,0,2,-1
28,0,1,0,0,2,-1
29,1,1,0,0,0,0
29,1,1,0,0,0,0
29,1,1,0,0,0,1
29,1,1,0,0,0,1
29,0,0,0,0,0,2
29,1,1,0,0,0,2
29,1,1,0,0,1,-1
29,1,1,0,0,1,-1
29,0,0,0,0,1,-1
29,1,1,0,0,1,-1
29,0,0,0,0,1,-1
29,0,0,0,0,1,-1
29,1,1,0,0,2,-1
29,0,1,0,0,2,-1
29,1,1,0,0,2,-1
29,0,0,0,0,2,-1
29,0,0,0,0,2,-1
29,0,0,0,0,2,-1
29,0,0,0,0,2,-1
29,0,0,0,0,2,-1
29,0,0,0,0,2,-1
29,0,0,0,0,2,-1
30,1,1,0,0,0,0
30,1,1,0,0,0,0
30,1,1,0,0,0,1
30,1,1,0,0,0,1
30,1,1,0,0,0,2
30,1,1,0,0,0,2
30,1,1,0,0,1,-1
30,1,1,0,0,1,-1
30,1,1,0,0,1,-1
30,1,1,0,0,1,-1
30,1,1,0,0,1,-1
30,1,1,0,0,1,-1
30,1,1,0,0,2,-1
30,1,1,0,0,2,-1
30,1,0,0,0,2,-1
30,1,1,0,0,2,-1
30,1,1,0,0,2,-1
30,1,1,0,0,2,-1
30,1,1,0,0,2,-1
30,1,1,0,0,2,-1
30,1,1,0,0,2,-1
30,1,1,0,0,2,-1
31,1,1,0,0,0,0
31,1,1,0,0,0,0
31,1,1,0,0,0,1
31,1,1,0,0,0,1
31,1,1,0,0,0,2
31,1,1,0,0,0,2
31,1,1,0,0,1,-1
31,0,0,0,0,1,-1
31,0,0,0,0,1,-1
31,0,0,0,0,1,-1
31,0,0,0,0,1,-1
31,1,1,0,0,1,-1
31,1,1,0,0,2,-1
31,1,1,0,0,2,-1
31,1,1,0,0,2,-1
31,1,1,0,0,2,-1
31,1,1,0,0,2,-1
31,0,1,0,0,2,-1
31,0,0,0,0,2,-1
31,0,1,0,0,2,-1
31,1,1,0,0,2,-1
31,1,1,0,0,2,-1
32,1,1,0,0,0,0
32,1,1,0,0,0,0
32,1,1,0,0,0,1
32,1,1,0,0,0,1
32,1,1,0,0,0,2
32,1,1,0,0,0,2
32,1,1,0,0,1,-1
32,1,1,0,0,1,-1
32,1,1,0,0,1,-1
32,1,1,0,0,1,-1
32,1,1,0,0,1,-1
32,1,1,0,0,1,-1
32,1,1,0,0,2,-1
32,1,1,0,0,2,-1
32,1,1,0,0,2,-1
32,1,1,0,0,2,-1
32,1,1,0,0,2,-1
32,1,1,0,0,2,-1
32,1,1,0,0,2,-1
32,1,1,0,0,2,-1
32,1,1,0,0,2,-1
32,1,1,0,0,2,-1
33,1,1,0,0,0,0
33,1,1,0,0,0,0
33,1,1,0,0,0,1
33,1,1,0,0,0,1
33,1,1,0,0,0,2
33,1,1,0,0,0,2
33,1,1,0,0,1,-1
33,0,1,0,0,1,-1
33,1,1,0,0,1,-1
33,0,0,0,0,1,-1
33,0,1,0,0,1,-1
33,0,0,0,0,1,-1
33,1,1,0,0,2,-1
33,0,0,0,0,2,-1
33,1,1,0,0,2,-1
33,0,1,0,0,2,-1
33,0,1,0,0,2,-1
33,1,1,0,0,2,-1
33,1,1,0,0,2,-1
33,1,1,0,0,2,-1
33,0,0,0,0,2,-1
33,1,1,0,0,2,-1
34,1,1,0,0,0,0
34,1,1,0,0,0,0
34,1,1,0,0,0,1
34,1,1,0,0,0,1
34,1,1,0,0,0,2
34,1,1,0,0,0,2
34,0,0,0,0,1,-1
34,1,1,0,0,1,-1
34,0,1,0,0,1,-1
34,0,0,0,0,1,-1
34,0,0,0,0,1,-1
34,0,1,0,0,1,-1
34,1,1,0,0,2,-1
34,0,0,0,0,2,-1
34,0,0,0,0,2,-1
34,0,0,0,0,2,-1
34,0,0,0,0,2,-1
34,0,0,0,0,2,-1
34,0,0,0,0,2,-1
34,0,0,0,0,2,-1
34,0,0,0,0,2,-1
34,0,0,0,0,2,-1
35,1,1,0,0,0,0
35,1,1,0,0,0,0
35,1,1,0,0,0,1
35,1,1,0,0,0,1
35,1,1,0,0,0,2
35,1,1,0,0,0,2
35,0,0,0,0,1,-1
35,0,0,0,0,1,-1
35,1,1,0,0,1,-1
35,1,1,0,0,1,-1
35,1,1,0,0,1,-1
35,0,1,0,0,1,-1
35,1,1,0,0,2,-1
35,0,0,0,0,2,-1
35,1,1,0,0,2,-1
35,0,1,0,0,2,-1
35,1,1,0,0,2,-1
35,1,1,0,0,2,-1
35,1,1,0,0,2,-1
35,0,0,0,0,2,-1
35,1,1,0,0,2,-1
35,1,1,0,0,2,-1
36,1,1,0,0,0,0
36,1,1,0,0,0,0
36,1,1,0,0,0,1
36,1,1,0,0,0,1
36,1,1,0,0,0,2
36,1,1,0,0,0,2
36,1,1,0,0,1,-1
36,1,1,0,0,1,-1
36,1,1,0,0,1,-1
36,1,1,0,0,1,-1
36,0,0,0,0,1,-1
36,0,0,0,0,1,-1
36,1,1,0,0,2,-1
36,1,1,0,0,2,-1
36,1,1,0,0,2,-1
36,1,1,0,0,2,-1
36,0,1,0,0,2,-1
36,1,1,0,0,2,-1
36,1,1,0,0,2,-1
36,0,0,0,0,2,-1
36,1,1,0,0,2,-1
36,1,1,0,0,2,-1
37,1,1,0,0,0,0
37,1,1,0,0,0,0
37,1,1,0,0,0,1
37,1,1,0,0,0,1
37,1,1,0,0,0,2
37,0,0,0,0,0,2
37,0,0,0,0,1,-1
37,1,1,0,0,1,-1
37,0,0,0,0,1,-1
37,0,1,0,0,1,-1
37,0,0,0,0,1,-1
37,0,0,0,0,1,-1
37,0,0,0,0,2,-1
37,0,0,0,0,2,-1
37,0,0,0,0,2,-1
37,0,0,0,0,2,-1
37,0,0,0,0,2,-1
37,1,1,0,0,2,-1
37,0,0,0,0,2,-1
37,0,0,0,0,2,-1
37,0,0,0,0,2,-1
37,0,0,0,0,2,-1
38,1,1,0,0,0,0
38,1,1,0,0,0,0
38,1,1,0,0,0,1
38,1,1,0,0,0,1
38,1,1,0,0,0,2
38,1,1,0,0,0,2
38,1,1,0,0,1,-1
38,1,1,0,0,1,-1
38,1,1,0,0,1,-1
38,1,1,0,0,1,-1
38,1,1,0,0,1,-1
38,1,1,0,0,1,-1
38,1,1,0,0,2,-1
38,1,1,0,0,2,-1
38,1,1,0,0,2,-1
38,1,1,0,0,2,-1
38,1,1,0,0,2,-1
38,1,1,0,0,2,-1
38,1,1,0,0,2,-1
38,0,1,0,0,2,-1
38,0,0,0,0,2,-1
38,1,1,0,0,2,-1
39,1,1,0,0,0,0
39,1,1,0,0,0,0
39,1,1,0,0,0,1
39,1,1,0,0,0,1
39,1,1,0,0,0,2
39,0,0,0,0,0,2
39,1,1,0,0,1,-1
39,0,0,0,0,1,-1
39,1,1,0,0,1,-1
39,1,1,0,0,1,-1
39,1,1,0,0,1,-1
39,0,1,0,0,1,-1
39,1,1,0,0,2,-1
39,1,1,0,0,2,-1
39,1,1,0,0,2,-1
39,1,1,0,0,2,-1
39,1,1,0,0,2,-1
39,0,0,0,0,2,-1
39,1,1,0,0,2,-1
39,0,1,0,0,2,-1
39,1,1,0,0,2,-1
39,1,1,0,0,2,-1
40,1,1,0,0,0,0
40,1,1,0,0,0,0
40,1,1,0,0,0,1
40,1,1,0,0,0,1
40,1,1,0,0,0,2
40,0,0,0,0,0,2
40,1,1,0,0,1,-1
40,0,0,0,0,1,-1
40,0,0,0,0,1,-1
40,1,1,0,0,1,-1
40,0,0,0,0,1,-1
40,0,0,0,0,1,-1
40,0,0,0,0,2,-1
40,0,0,0,0,2,-1
40,0,0,0,0,2,-1
40,0,1,0,0,2,-1
40,0,0,0,0,2,-1
40,0,0,0,0,2,-1
40,0,0,0,0,2,-1
40,0,0,0,0,2,-1
40,0,0,0,0,2,-1
40,0,0,0,0,2,-1
41,1,1,0,0,0,0
41,1,1,0,0,0,0
41,1,1,0,0,0,1
41,1,1,0,0,0,1
41,1,1,0,0,0,2
41,1,1,0,0,0,2
41,1,1,0,0,1,-1
41,1,1,0,0,1,-1
41,1,1,0,0,1,-1
41,1,1,0,0,1,-1
41,1,1,0,0,1,-1
41,1,1,0,0,1,-1
41,1,1,0,0,2,-1
41,0,0,0,0,2,-1
41,1,1,0,0,2,-1
41,0,0,0,0,2,-1
41,0,1,0,0,2,-1
41,1,1,0,0,2,-1
41,1,1,0,0,2,-1
41,1,1,0,0,2,-1
41,0,1,0,0,2,-1
41,0,0,0,0,2,-1
42,1,1,0,0,0,0
42,1,1,0,0,0,0
42,1,1,0,0,0,1
42,1,1,0,0,0,1
42,0,0,0,0,0,2
42,0,0,0,0,0,2
42,1,1,0,0,1,-1
42,1,1,0,0,1,-1
42,1,1,0,0,1,-1
42,1,1,0,0,1,-1
42,0,0,0,0,1,-1
42,0,0,0,0,1,-1
42,1,1,0,0,2,-1
42,1,1,0,0,2,-1
42,0,0,0,0,2,-1
42,1,1,0,0,2,-1
42,1,1,0,0,2,-1
42,1,0,0,0,2,-1
42,1,1,0,0,2,-1
42,0,0,0,0,2,-1
42,0,0,0,0,2,-1
42,0,0,0,0,2,-1
43,1,1,1,0,0,0
43,1,1,1,0,0,0
43,1,1,1,0,0,0
43,1,1,1,0,0,0
43,1,1,1,0,0,0
43,1,1,1,0,0,0
43,1,1,1,0,0,0
43,1,1,1,0,0,0
43,1,1,1,0,0,0
43,1,1,1,0,0,0
43,1,1,1,0,0,0
43,1,1,1,0,0,0
43,1,1,1,0,0,0
43,1,1,1,0,0,0
43,1,1,1,0,0,0
43,1,1,1,0,0,0
43,1,1,1,0,0,0
43,1,1,1,0,0,0
43,1,1,1,0,0,0
43,1,1,1,0,0,0
43,1,1,1,0,0,0
43,1,1,1,0,0,0
43,1,1,1,0,0,0
43,1,1,1,0,0,0
43,1,1,1,0,0,0
43,1,1,1,0,0,0
43,1,1,1,0,0,0
43,1,1,1,0,0,0
43,1,1,1,0,0,0
43,1,1,1,0,0,0
43,1,1,1,0,0,0
43,1,1,1,0,0,0
43,1,1,1,0,0,0
43,1,1,1,0,0,0
43,1,1,1,0,0,0
43,1,1,1,0,0,0
43,1,1,1,0,0,0
43,1,1,1,0,0,0
43,1,1,1,0,0,0
43,1,1,1,0,0,0
43,1,1,1,0,0,0
43,1,1,1,0,0,0
43,1,1,1,0,0,0
43,1,1,1,0,0,0
43,1,1,1,0,0,0
43,1,1,1,0,0,0
43,1,1,1,0,0,0
43,1,1,1,0,0,0
43,1,1,1,0,0,0
43,1,1,1,0,0,0
43,1,1,1,0,0,0
43,1,1,1,0,0,0
43,1,1,1,0,0,0
43,1,1,1,0,0,0
43,1,1,1,0,0,0
43,1,1,1,0,0,0
43,1,1,1,0,0,0
43,1,1,1,0,0,0
43,1,1,1,0,0,0
43,1,1,1,0,0,0
43,1,1,1,0,0,0
43,1,1,1,0,0,0
43,1,1,1,0,0,0
43,1,1,1,0,0,0
43,1,1,1,0,0,0
43,1,1,1,0,0,0
43,1,1,1,0,0,0
43,1,1,1,0,0,0
43,1,1,1,0,0,0
43,1,1,1,0,0,0
43,1,1,1,0,0,0
43,1,1,1,0,0,0
43,1,1,1,0,0,0
43,1,1,1,0,0,0
43,1,1,1,0,0,0
43,1,1,1,0,0,0
43,1,1,1,0,0,0
43,1,1,1,0,0,0
43,1,1,1,0,0,0
43,1,1,1,0,0,0
43,1,1,1,0,0,1
43,1,1,1,0,0,1
43,1,1,1,0,0,1
43,1,1,1,0,0,1
43,1,1,1,0,0,1
43,1,1,1,0,0,1
43,1,1,1,0,0,1
43,1,1,1,0,0,1
43,1,1,1,0,0,1
43,1,1,1,0,0,1
43,1,1,1,0,0,1
43,1,1,1,0,0,1
43,1,1,1,0,0,1
43,1,1,1,0,0,1
43,1,1,1,0,0,1
43,1,1,1,0,0,1
43,1,1,1,0,0,1
43,1,1,1,0,0,1
43,1,1,1,0,0,1
43,1,1,1,0,0,1
43,1,1,1,0,0,1
43,1,1,1,0,0,1
43,1,1,1,0,0,1
43,1,1,1,0,0,1
43,1,1,1,0,0,1
43,1,1,1,0,0,1
43,1,1,1,0,0,1
43,1,1,1,0,0,1
43,1,1,1,0,0,1
43,1,1,1,0,0,1
43,1,1,1,0,0,1
43,1,1,1,0,0,1
43,1,1,1,0,0,1
43,1,1,1,0,0,1
43,1,1,1,0,0,1
43,1,1,1,0,0,1
43,1,1,1,0,0,1
43,1,1,1,0,0,1
43,1,1,1,0,0,1
43,1,1,1,0,0,1
43,1,1,1,0,0,1
43,1,1,1,0,0,1
43,1,1,1,0,0,1
43,1,1,1,0,0,1
43,1,1,1,0,0,1
43,1,1,1,0,0,1
43,1,1,1,0,0,1
43,1,1,1,0,0,1
43,1,1,1,0,0,1
43,1,1,1,0,0,1
43,1,1,1,0,0,1
43,1,1,1,0,0,1
43,1,1,1,0,0,1
43,1,1,1,0,0,1
43,1,1,1,0,0,1
43,1,1,1,0,0,1
43,1,1,1,0,0,1
43,1,1,1,0,0,1
43,1,1,1,0,0,1
43,1,1,1,0,0,1
43,1,1,1,0,0,1
43,1,1,1,0,0,1
43,1,1,1,0,0,1
43,1,1,1,0,0,1
43,1,1,1,0,0,1
43,1,1,1,0,0,1
43,1,1,1,0,0,1
43,1,1,1,0,0,1
43,1,1,1,0,0,1
43,1,1,1,0,0,1
43,1,1,1,0,0,1
43,1,1,1,0,0,1
43,1,1,1,0,0,1
43,1,1,1,0,0,1
43,1,1,1,0,0,1
43,1,1,1,0,0,1
43,1,1,1,0,0,1
43,1,1,1,0,0,1
43,1,1,1,0,0,1
43,1,1,1,0,0,1
43,1,1,1,0,0,2
43,1,1,1,0,0,2
43,1,1,1,0,0,2
43,1,1,1,0,0,2
43,1,1,1,0,0,2
43,1,1,1,0,0,2
43,1,1,1,0,0,2
43,1,1,1,0,0,2
43,1,1,1,0,0,2
43,1,1,1,0,0,2
43,1,1,1,0,0,2
43,1,1,1,0,0,2
43,1,1,1,0,0,2
43,1,1,1,0,0,2
43,1,1,1,0,0,2
43,1,1,1,0,0,2
43,1,1,1,0,1,-1
43,1,1,1,0,1,-1
43,1,1,1,0,1,-1
43,1,1,1,0,1,-1
43,1,1,1,0,1,-1
43,1,1,1,0,1,-1
43,1,1,1,0,1,-1
43,1,1,1,0,1,-1
43,1,1,1,0,1,-1
43,1,1,1,0,1,-1
43,1,1,1,0,1,-1
43,1,1,1,0,1,-1
43,1,1,1,0,1,-1
43,1,1,1,0,1,-1
43,1,1,1,0,1,-1
43,1,1,1,0,1,-1
43,1,1,1,0,1,-1
43,1,1,1,0,1,-1
43,1,1,1,0,1,-1
43,1,1,1,0,1,-1
43,1,1,1,0,1,-1
43,1,1,1,0,1,-1
43,1,1,1,0,1,-1
43,1,1,1,0,1,-1
43,1,1,1,0,1,-1
43,1,1,1,0,1,-1
43,1,1,1,0,1,-1
43,1,1,1,0,1,-1
43,1,1,1,0,1,-1
43,1,1,1,0,1,-1
43,1,1,1,0,1,-1
43,1,1,1,0,1,-1
43,1,1,1,0,1,-1
43,1,1,1,0,1,-1
43,1,1,1,0,1,-1
43,1,1,1,0,1,-1
43,1,1,1,0,1,-1
43,1,1,1,0,1,-1
43,1,1,1,0,1,-1
43,1,1,1,0,1,-1
43,1,1,1,0,1,-1
43,1,1,1,0,1,-1
43,1,1,1,0,1,-1
43,1,1,1,0,1,-1
43,1,1,1,0,1,-1
43,1,1,1,0,1,-1
43,1,1,1,0,1,-1
43,1,1,1,0,1,-1
43,1,1,1,0,1,-1
43,1,1,1,0,1,-1
43,1,1,1,0,1,-1
43,1,1,1,0,1,-1
43,1,1,1,0,1,-1
43,1,1,1,0,1,-1
43,1,1,1,0,1,-1
43,1,1,1,0,1,-1
43,1,1,1,0,1,-1
43,1,1,1,0,1,-1
43,1,1,1,0,1,-1
43,1,1,1,0,1,-1
43,1,1,1,0,1,-1
43,1,1,1,0,1,-1
43,1,1,1,0,1,-1
43,1,1,1,0,1,-1
43,1,1,1,0,1,-1
43,1,1,1,0,1,-1
43,1,1,1,0,1,-1
43,0,1,1,0,1,-1
43,1,1,1,0,1,-1
43,1,1,1,0,1,-1
43,1,1,1,0,1,-1
43,1,1,1,0,1,-1
43,1,1,1,0,1,-1
43,1,1,1,0,1,-1
43,1,1,1,0,1,-1
43,1,1,1,0,1,-1
43,1,1,1,0,1,-1
43,1,1,1,0,1,-1
43,1,1,1,0,1,-1
43,1,1,1,0,1,-1
43,1,1,1,0,1,-1
43,1,1,1,0,1,-1
43,1,1,1,0,1,-1
43,1,1,1,0,1,-1
43,1,1,1,0,1,-1
43,1,1,1,0,1,-1
43,1,1,1,0,1,-1
43,1,1,1,0,1,-1
43,1,1,1,0,1,-1
43,1,1,1,0,1,-1
43,1,1,1,0,1,-1
43,1,1,1,0,1,-1
43,1,1,1,0,1,-1
43,1,1,1,0,1,-1
43,1,1,1,0,1,-1
43,1,1,1,0,1,-1
43,1,1,1,0,1,-1
43,1,1,1,0,1,-1
43,1,1,1,0,1,-1
43,1,1,1,0,1,-1
43,1,1,1,0,1,-1
43,1,1,1,0,1,-1
43,1,1,1,0,1,-1
43,1,1,1,0,1,-1
43,1,1,1,0,1,-1
43,1,1,1,0,1,-1
43,1,1,1,0,1,-1
43,1,1,1,0,1,-1
43,1,1,1,0,1,-1
43,1,1,1,0,1,-1
43,1,1,1,0,1,-1
43,1,1,1,0,1,-1
43,1,1,1,0,1,-1
43,1,1,1,0,1,-1
43,1,1,1,0,1,-1
43,1,1,1,0,1,-1
43,1,1,1,0,1,-1
43,1,1,1,0,1,-1
43,1,1,1,0,1,-1
43,1,1,1,0,1,-1
43,1,1,1,0,1,-1
43,1,1,1,0,1,-1
43,1,1,1,0,1,-1
43,1,1,1,0,1,-1
43,1,1,1,0,1,-1
43,1,1,1,0,1,-1
43,1,1,1,0,1,-1
43,1,1,1,0,1,-1
43,1,1,1,0,1,-1
43,1,1,1,0,1,-1
43,1,1,1,0,1,-1
43,1,1,1,0,1,-1
43,1,1,1,0,1,-1
43,1,1,1,0,1,-1
43,1,1,1,0,1,-1
43,1,1,1,0,1,-1
43,1,1,1,0,1,-1
43,1,1,1,0,1,-1
43,1,1,1,0,1,-1
43,1,1,1,0,1,-1
43,1,1,1,0,1,-1
43,1,1,1,0,1,-1
43,1,1,1,0,1,-1
43,1,1,1,0,1,-1
43,1,1,1,0,1,-1
43,1,1,1,0,1,-1
43,0,1,1,0,1,-1
43,1,1,1,0,1,-1
43,1,1,1,0,1,-1
43,1,1,1,0,1,-1
43,1,1,1,0,1,-1
43,1,1,1,0,1,-1
43,1,1,1,0,1,-1
43,1,1,1,0,1,-1
43,1,1,1,0,1,-1
43,1,1,1,0,1,-1
43,1,1,1,0,1,-1
43,0,0,1,0,1,-1
43,1,1,1,0,1,-1
43,1,1,1,0,1,-1
43,0,1,1,0,1,-1
43,0,0,1,0,1,-1
43,0,0,1,0,1,-1
43,0,0,1,0,1,-1
43,0,0,1,0,1,-1
43,0,0,1,0,1,-1
43,0,1,1,0,1,-1
43,0,1,1,0,1,-1
43,1,1,1,0,1,-1
43,1,1,1,0,1,-1
43,0,1,1,0,1,-1
43,0,0,1,0,1,-1
43,0,0,1,0,1,-1
43,0,1,1,0,1,-1
43,0,0,1,0,1,-1
43,0,0,1,0,1,-1
43,1,1,1,0,1,-1
43,0,0,1,0,1,-1
43,0,1,1,0,1,-1
43,0,1,1,0,1,-1
43,1,1,1,0,1,-1
43,1,1,1,0,1,-1
43,1,1,1,0,1,-1
43,0,0,1,0,1,-1
43,1,1,1,0,1,-1
43,1,1,1,0,1,-1
43,1,1,1,0,1,-1
43,1,1,1,0,1,-1
43,1,1,1,0,1,-1
43,0,1,1,0,1,-1
43,1,1,1,0,1,-1
43,0,0,1,0,1,-1
43,0,0,1,0,1,-1
43,0,0,1,0,1,-1
43,0,0,1,0,1,-1
43,0,0,1,0,1,-1
43,0,0,1,0,1,-1
43,0,0,1,0,1,-1
43,0,0,1,0,1,-1
43,1,1,1,0,1,-1
43,1,1,1,0,1,-1
43,1,1,1,0,1,-1
43,0,1,1,0,1,-1
43,1,1,1,0,1,-1
43,1,1,1,0,1,-1
43,1,1,1,0,1,-1
43,1,1,1,0,1,-1
43,1,1,1,0,1,-1
43,1,1,1,0,1,-1
43,1,1,1,0,1,-1
43,1,1,1,0,1,-1
43,1,1,1,0,1,-1
43,1,1,1,0,1,-1
43,1,1,1,0,1,-1
43,1,1,1,0,1,-1
43,0,1,1,0,1,-1
43,0,1,1,0,1,-1
43,1,1,1,0,1,-1
43,1,1,1,0,1,-1
43,1,1,1,0,1,-1
43,1,1,1,0,1,-1
43,1,1,1,0,1,-1
43,1,1,1,0,1,-1
43,1,1,1,0,1,-1
43,1,1,1,0,1,-1
43,1,1,1,0,1,-1
43,1,1,1,0,1,-1
43,1,1,1,0,1,-1
43,1,1,1,0,1,-1
43,0,0,1,0,1,-1
43,1,1,1,0,1,-1
43,1,1,1,0,1,-1
43,1,1,1,0,1,-1
43,1,1,1,0,1,-1
43,1,1,1,0,1,-1
43,0,1,1,0,1,-1
43,1,1,1,0,1,-1
43,1,1,1,0,1,-1
43,1,1,1,0,1,-1
43,1,1,1,0,1,-1
43,1,1,1,0,2,-1
43,1,1,1,0,2,-1
43,1,1,1,0,2,-1
43,1,1,1,0,2,-1
43,1,1,1,0,2,-1
43,1,1,1,0,2,-1
43,1,1,1,0,2,-1
43,1,1,1,0,2,-1
43,1,1,1,0,2,-1
43,1,1,1,0,2,-1
43,1,1,1,0,2,-1
43,1,1,1,0,2,-1
43,1,1,1,0,2,-1
43,1,1,1,0,2,-1
43,1,1,1,0,2,-1
43,1,1,1,0,2,-1
43,1,1,1,0,2,-1
43,1,1,1,0,2,-1
43,1,1,1,0,2,-1
43,1,1,1,0,2,-1
43,1,1,1,0,2,-1
43,1,1,1,0,2,-1
43,1,1,1,0,2,-1
43,1,1,1,0,2,-1
43,1,1,1,0,2,-1
43,1,1,1,0,2,-1
43,1,1,1,0,2,-1
43,1,1,1,0,2,-1
43,1,1,1,0,2,-1
43,1,1,1,0,2,-1
43,1,1,1,0,2,-1
43,1,1,1,0,2,-1
43,1,1,1,0,2,-1
43,1,1,1,0,2,-1
43,1,1,1,0,2,-1
43,1,1,1,0,2,-1
43,1,1,1,0,2,-1
43,1,1,1,0,2,-1
43,1,1,1,0,2,-1
43,1,1,1,0,2,-1
43,1,1,1,0,2,-1
43,1,1,1,0,2,-1
43,1,1,1,0,2,-1
43,1,1,1,0,2,-1
43,1,1,1,0,2,-1
43,1,1,1,0,2,-1
43,0,1,1,0,2,-1
43,1,1,1,0,2,-1
43,1,1,1,0,2,-1
43,1,1,1,0,2,-1
43,1,1,1,0,2,-1
43,1,1,1,0,2,-1
43,0,1,1,0,2,-1
43,1,1,1,0,2,-1
43,1,1,1,0,2,-1
43,1,1,1,0,2,-1
43,0,0,1,0,2,-1
43,1,1,1,0,2,-1
43,1,1,1,0,2,-1
43,1,1,1,0,2,-1
43,1,1,1,0,2,-1
43,0,1,1,0,2,-1
43,0,1,1,0,2,-1
43,1,1,1,0,2,-1
43,1,1,1,0,2,-1
43,1,1,1,0,2,-1
43,1,1,1,0,2,-1
43,1,1,1,0,2,-1
43,1,1,1,0,2,-1
43,1,1,1,0,2,-1
43,1,1,1,0,2,-1
43,1,1,1,0,2,-1
43,1,1,1,0,2,-1
43,1,1,1,0,2,-1
43,1,1,1,0,2,-1
43,1,1,1,0,2,-1
43,1,1,1,0,2,-1
43,1,1,1,0,2,-1
43,1,1,1,0,2,-1
43,1,1,1,0,2,-1
43,1,1,1,0,2,-1
43,1,1,1,0,2,-1
43,1,1,1,0,2,-1
43,1,1,1,0,2,-1
43,1,1,1,0,2,-1
43,1,1,1,0,2,-1
43,1,1,1,0,2,-1
43,1,1,1,0,2,-1
43,1,1,1,0,2,-1
43,1,1,1,0,2,-1
43,1,1,1,0,2,-1
43,1,1,1,0,2,-1
43,1,1,1,0,2,-1
43,1,1,1,0,2,-1
43,1,1,1,0,2,-1
43,1,1,1,0,2,-1
43,1,1,1,0,2,-1
43,1,1,1,0,2,-1
43,1,1,1,0,2,-1
43,1,1,1,0,2,-1
43,1,1,1,0,2,-1
43,1,1,1,0,2,-1
43,1,1,1,0,2,-1
43,1,1,1,0,2,-1
43,1,1,1,0,2,-1
43,1,1,1,0,2,-1
43,1,1,1,0,2,-1
43,1,1,1,0,2,-1
43,1,1,1,0,2,-1
43,1,1,1,0,2,-1
43,1,1,1,0,2,-1
43,1,1,1,0,2,-1
43,1,1,1,0,2,-1
43,1,1,1,0,2,-1
43,1,1,1,0,2,-1
43,1,1,1,0,2,-1
43,1,1,1,0,2,-1
43,1,1,1,0,2,-1
43,1,1,1,0,2,-1
43,1,1,1,0,2,-1
43,1,1,1,0,2,-1
43,1,1,1,0,2,-1
43,1,1,1,0,2,-1
43,0,1,1,0,2,-1
43,1,1,1,0,2,-1
43,1,1,1,0,2,-1
43,1,1,1,0,2,-1
43,1,1,1,0,2,-1
43,1,1,1,0,2,-1
43,1,1,1,0,2,-1
43,1,1,1,0,2,-1
43,0,1,1,0,2,-1
43,1,1,1,0,2,-1
43,1,1,1,0,2,-1
43,1,1,1,0,2,-1
43,1,1,1,0,2,-1
43,1,1,1,0,2,-1
43,0,1,1,0,2,-1
43,1,1,1,0,2,-1
43,1,1,1,0,2,-1
43,1,1,1,0,2,-1
43,1,1,1,0,2,-1
43,1,1,1,0,2,-1
43,1,1,1,0,2,-1
43,0,1,1,0,2,-1
43,1,1,1,0,2,-1
43,1,1,1,0,2,-1
43,0,1,1,0,2,-1
43,0,1,1,0,2,-1
43,1,1,1,0,2,-1
43,1,1,1,0,2,-1
43,1,1,1,0,2,-1
43,1,1,1,0,2,-1
43,0,1,1,0,2,-1
43,1,1,1,0,2,-1
43,0,0,1,0,2,-1
43,0,1,1,0,2,-1
43,0,1,1,0,2,-1
43,0,1,1,0,2,-1
43,1,1,1,0,2,-1
43,1,1,1,0,2,-1
43,0,1,1,0,2,-1
43,1,1,1,0,2,-1
43,1,1,1,0,2,-1
43,1,1,1,0,2,-1
43,0,1,1,0,2,-1
43,0,1,1,0,2,-1
43,0,1,1,0,2,-1
43,0,1,1,0,2,-1
43,0,1,1,0,2,-1
43,1,1,1,0,2,-1
43,0,1,1,0,2,-1
43,0,1,1,0,2,-1
43,1,1,1,0,2,-1
43,1,1,1,0,2,-1
43,1,1,1,0,2,-1
43,0,1,1,0,2,-1
43,0,1,1,0,2,-1
43,1,1,1,0,2,-1
43,1,1,1,0,2,-1
43,0,1,1,0,2,-1
43,0,0,1,0,2,-1
43,0,0,1,0,2,-1
43,0,1,1,0,2,-1
43,0,1,1,0,2,-1
43,0,1,1,0,2,-1
43,0,1,1,0,2,-1
43,0,1,1,0,2,-1
43,1,1,1,0,2,-1
43,1,1,1,0,2,-1
43,1,1,1,0,2,-1
43,0,1,1,0,2,-1
43,1,1,1,0,2,-1
43,0,1,1,0,2,-1
43,1,1,1,0,2,-1
43,0,1,1,0,2,-1
43,0,1,1,0,2,-1
43,0,1,1,0,2,-1
43,0,1,1,0,2,-1
43,0,0,1,0,2,-1
43,0,1,1,0,2,-1
43,1,1,1,0,2,-1
43,1,1,1,0,2,-1
43,1,1,1,0,2,-1
43,1,1,1,0,2,-1
43,1,1,1,0,2,-1
43,1,1,1,0,2,-1
43,1,1,1,0,2,-1
43,1,1,1,0,2,-1
43,1,1,1,0,2,-1
43,1,1,1,0,2,-1
43,1,1,1,0,2,-1
43,0,1,1,0,2,-1
43,1,1,1,0,2,-1
43,1,1,1,0,2,-1
43,1,1,1,0,2,-1
43,1,1,1,0,2,-1
43,1,1,1,0,2,-1
43,1,1,1,0,2,-1
43,1,1,1,0,2,-1
43,0,1,1,0,2,-1
43,1,1,1,0,2,-1
43,1,1,1,0,2,-1
43,1,1,1,0,2,-1
43,1,1,1,0,2,-1
43,1,1,1,0,2,-1
43,1,1,1,0,2,-1
43,1,1,1,0,2,-1
43,1,1,1,0,2,-1
43,1,1,1,0,2,-1
43,1,1,1,0,2,-1
43,1,1,1,0,2,-1
43,1,1,1,0,2,-1
43,1,1,1,0,2,-1
43,0,1,1,0,2,-1
43,1,1,1,0,2,-1
43,1,1,1,0,2,-1
43,1,1,1,0,2,-1
43,1,1,1,0,2,-1
43,1,1,1,0,2,-1
43,1,1,1,0,2,-1
43,1,1,1,0,2,-1
43,0,1,1,0,2,-1
43,1,1,1,0,2,-1
43,1,1,1,0,2,-1
43,1,1,1,0,2,-1
43,1,1,1,0,2,-1
43,1,1,1,0,2,-1
43,1,1,1,0,2,-1
43,1,1,1,0,2,-1
43,1,1,1,0,2,-1
43,1,1,1,0,2,-1
43,1,1,1,0,2,-1
43,1,1,1,0,2,-1
43,1,1,1,0,2,-1
43,1,1,1,0,2,-1
43,1,1,1,0,2,-1
43,1,1,1,0,2,-1
43,0,0,1,0,2,-1
43,1,1,1,0,2,-1
43,1,1,1,0,2,-1
43,0,1,1,0,2,-1
43,1,1,1,0,2,-1
43,1,1,1,0,2,-1
43,1,1,1,0,2,-1
43,1,1,1,0,2,-1
43,0,0,1,0,2,-1
43,1,1,1,0,2,-1
43,1,1,1,0,2,-1
43,1,1,1,0,2,-1
43,1,1,1,0,2,-1
43,1,1,1,0,2,-1
43,1,1,1,0,2,-1
43,1,1,1,0,2,-1
43,1,1,1,0,2,-1
43,0,1,1,0,2,-1
43,1,1,1,0,2,-1
43,1,1,1,0,2,-1
43,1,1,1,0,2,-1
43,1,1,1,0,2,-1
43,0,1,1,0,2,-1
43,0,0,1,0,2,-1
43,0,1,1,0,2,-1
43,0,1,1,0,2,-1
43,0,1,1,0,2,-1
43,0,1,1,0,2,-1
43,1,1,1,0,2,-1
43,0,1,1,0,2,-1
43,0,1,1,0,2,-1
43,1,1,1,0,2,-1
43,0,1,1,0,2,-1
43,1,1,1,0,2,-1
43,1,1,1,0,2,-1
43,0,1,1,0,2,-1
43,0,1,1,0,2,-1
43,0,1,1,0,2,-1
43,0,1,1,0,2,-1
43,0,1,1,0,2,-1
43,0,0,1,0,2,-1
43,0,1,1,0,2,-1
43,1,1,1,0,2,-1
43,0,1,1,0,2,-1
43,0,1,1,0,2,-1
43,0,1,1,0,2,-1
43,0,1,1,0,2,-1
43,0,1,1,0,2,-1
43,1,1,1,0,2,-1
43,0,1,1,0,2,-1
43,0,1,1,0,2,-1
43,0,1,1,0,2,-1
43,0,0,1,0,2,-1
43,0,1,1,0,2,-1
43,0,1,1,0,2,-1
43,0,0,1,0,2,-1
43,0,1,1,0,2,-1
43,0,1,1,0,2,-1
43,0,0,1,0,2,-1
43,0,1,1,0,2,-1
43,0,1,1,0,2,-1
43,0,1,1,0,2,-1
43,0,1,1,0,2,-1
43,0,1,1,0,2,-1
43,0,1,1,0,2,-1
43,0,0,1,0,2,-1
43,0,0,1,0,2,-1
43,1,1,1,0,2,-1
43,0,0,1,0,2,-1
43,1,1,1,0,2,-1
43,0,1,1,0,2,-1
43,0,1,1,0,2,-1
43,0,1,1,0,2,-1
43,0,0,1,0,2,-1
43,0,0,1,0,2,-1
43,0,0,1,0,2,-1
43,0,1,1,0,2,-1
43,0,0,1,0,2,-1
43,1,1,1,0,2,-1
43,0,1,1,0,2,-1
43,0,1,1,0,2,-1
43,0,1,1,0,2,-1
43,0,0,1,0,2,-1
43,0,0,1,0,2,-1
43,0,1,1,0,2,-1
43,0,0,1,0,2,-1
43,0,0,1,0,2,-1
43,0,1,1,0,2,-1
43,0,1,1,0,2,-1
43,0,1,1,0,2,-1
43,0,1,1,0,2,-1
43,0,0,1,0,2,-1
43,1,1,1,0,2,-1
43,0,1,1,0,2,-1
43,1,1,1,0,2,-1
43,1,1,1,0,2,-1
43,0,1,1,0,2,-1
43,1,1,1,0,2,-1
43,0,0,1,0,2,-1
43,1,1,1,0,2,-1
43,0,0,1,0,2,-1
43,0,0,1,0,2,-1
43,1,1,1,0,2,-1
43,1,1,1,0,2,-1
43,1,1,1,0,2,-1
43,1,1,1,0,2,-1
43,1,1,1,0,2,-1
43,1,1,1,0,2,-1
43,0,1,1,0,2,-1
43,1,1,1,0,2,-1
43,0,1,1,0,2,-1
43,1,1,1,0,2,-1
43,1,1,1,0,2,-1
43,0,1,1,0,2,-1
43,1,1,1,0,2,-1
43,1,1,1,0,2,-1
43,1,1,1,0,2,-1
43,1,1,1,0,2,-1
43,1,1,1,0,2,-1
43,1,1,1,0,2,-1
43,1,1,1,0,2,-1
43,1,1,1,0,2,-1
43,0,1,1,0,2,-1
43,1,1,1,0,2,-1
43,1,1,1,0,2,-1
43,1,1,1,0,2,-1
43,1,1,1,0,2,-1
43,1,1,1,0,2,-1
43,1,1,1,0,2,-1
43,1,1,1,0,2,-1
43,0,1,1,0,2,-1
43,1,1,1,0,2,-1
43,1,1,1,0,2,-1
43,1,1,1,0,2,-1
43,1,1,1,0,2,-1
43,1,1,1,0,2,-1
43,1,1,1,0,2,-1
43,1,1,1,0,2,-1
43,1,1,1,0,2,-1
43,0,1,1,0,2,-1
43,0,1,1,0,2,-1
43,1,1,1,0,2,-1
44,1,1,0,1,0,0
44,1,1,0,1,0,0
44,1,1,0,1,0,1
44,1,1,0,1,0,1
44,1,1,0,1,0,2
44,0,0,0,1,0,2
44,1,1,0,1,1,-1
44,1,1,0,1,1,-1
44,1,1,0,1,1,-1
44,1,1,0,1,1,-1
44,0,0,0,1,1,-1
44,1,1,0,1,1,-1
44,1,1,0,1,2,-1
44,1,1,0,1,2,-1
44,1,1,0,1,2,-1
44,1,1,0,1,2,-1
44,1,1,0,1,2,-1
44,1,1,0,1,2,-1
44,1,1,0,1,2,-1
44,1,1,0,1,2,-1
44,1,1,0,1,2,-1
44,1,1,0,1,2,-1
45,1,1,0,1,0,0
45,1,1,0,1,0,0
45,1,1,0,1,0,1
45,1,1,0,1,0,1
45,1,1,0,1,0,2
45,1,1,0,1,0,2
45,1,1,0,1,1,-1
45,1,1,0,1,1,-1
45,1,1,0,1,1,-1
45,1,1,0,1,1,-1
45,1,1,0,1,1,-1
45,1,1,0,1,1,-1
45,1,1,0,1,2,-1
45,1,1,0,1,2,-1
45,1,1,0,1,2,-1
45,1,1,0,1,2,-1
45,1,1,0,1,2,-1
45,1,1,0,1,2,-1
45,1,1,0,1,2,-1
45,0,1,0,1,2,-1
45,1,1,0,1,2,-1
45,0,0,0,1,2,-1
46,1,1,0,1,0,0
46,1,1,0,1,0,0
46,1,1,0,1,0,1
46,1,1,0,1,0,1
46,1,1,0,1,0,2
46,0,0,0,1,0,2
46,1,1,0,1,1,-1
46,1,1,0,1,1,-1
46,0,1,0,1,1,-1
46,1,1,0,1,1,-1
46,0,0,0,1,1,-1
46,0,0,0,1,1,-1
46,1,1,0,1,2,-1
46,0,1,0,1,2,-1
46,1,1,0,1,2,-1
46,1,1,0,1,2,-1
46,1,1,0,1,2,-1
46,1,1,0,1,2,-1
46,1,1,0,1,2,-1
46,1,1,0,1,2,-1
46,1,1,0,1,2,-1
46,1,1,0,1,2,-1
47,1,1,0,1,0,0
47,1,1,0,1,0,0
47,1,1,0,1,0,1
47,1,1,0,1,0,1
47,0,0,0,1,0,2
47,0,0,0,1,0,2
47,1,1,0,1,1,-1
47,1,1,0,1,1,-1
47,1,1,0,1,1,-1
47,1,1,0,1,1,-1
47,0,1,0,1,1,-1
47,1,1,0,1,1,-1
47,1,1,0,1,2,-1
47,1,1,0,1,2,-1
47,1,1,0,1,2,-1
47,1,1,0,1,2,-1
47,1,1,0,1,2,-1
47,0,1,0,1,2,-1
47,1,1,0,1,2,-1
47,0,1,0,1,2,-1
47,1,1,0,1,2,-1
47,1,1,0,1,2,-1
48,1,1,0,1,0,0
48,1,1,0,1,0,0
48,1,1,0,1,0,1
48,1,1,0,1,0,1
48,1,1,0,1,0,2
48,1,1,0,1,0,2
48,1,1,0,1,1,-1
48,1,1,0,1,1,-1
48,1,1,0,1,1,-1
48,1,1,0,1,1,-1
48,1,1,0,1,1,-1
48,1,1,0,1,1,-1
48,1,1,0,1,2,-1
48,1,1,0,1,2,-1
48,1,1,0,1,2,-1
48,1,1,0,1,2,-1
48,1,1,0,1,2,-1
48,1,1,0,1,2,-1
48,1,1,0,1,2,-1
48,1,1,0,1,2,-1
48,1,1,0,1,2,-1
48,1,1,0,1,2,-1
49,1,1,0,1,0,0
49,1,1,0,1,0,0
49,1,1,0,1,0,1
49,1,1,0,1,0,1
49,1,1,0,1,0,2
49,1,1,0,1,0,2
49,1,1,0,1,1,-1
49,0,0,0,1,1,-1
49,1,1,0,1,1,-1
49,1,1,0,1,1,-1
49,1,1,0,1,1,-1
49,1,1,0,1,1,-1
49,1,1,0,1,2,-1
49,0,0,0,1,2,-1
49,1,1,0,1,2,-1
49,1,1,0,1,2,-1
49,1,1,0,1,2,-1
49,1,1,0,1,2,-1
49,1,1,0,1,2,-1
49,0,1,0,1,2,-1
49,1,1,0,1,2,-1
49,0,1,0,1,2,-1
50,1,1,0,1,0,0
50,1,1,0,1,0,0
50,1,1,0,1,0,1
50,1,1,0,1,0,1
50,0,0,0,1,0,2
50,0,0,0,1,0,2
50,1,1,0,1,1,-1
50,1,1,0,1,1,-1
50,1,1,0,1,1,-1
50,1,1,0,1,1,-1
50,1,1,0,1,1,-1
50,1,1,0,1,1,-1
50,1,1,0,1,2,-1
50,1,1,0,1,2,-1
50,1,1,0,1,2,-1
50,1,1,0,1,2,-1
50,1,1,0,1,2,-1
50,1,1,0,1,2,-1
50,1,1,0,1,2,-1
50,1,1,0,1,2,-1
50,1,1,0,1,2,-1
50,1,1,0,1,2,-1
51,1,1,0,1,0,0
51,1,1,0,1,0,0
51,1,1,0,1,0,1
51,1,1,0,1,0,1
51,1,1,0,1,0,2
51,1,1,0,1,0,2
51,1,1,0,1,1,-1
51,1,1,0,1,1,-1
51,1,1,0,1,1,-1
51,1,1,0,1,1,-1
51,1,1,0,1,1,-1
51,1,1,0,1,1,-1
51,1,1,0,1,2,-1
51,1,1,0,1,2,-1
51,1,1,0,1,2,-1
51,1,1,0,1,2,-1
51,0,1,0,1,2,-1
51,1,1,0,1,2,-1
51,1,1,0,1,2,-1
51,1,1,0,1,2,-1
51,1,1,0,1,2,-1
51,1,1,0,1,2,-1
52,1,1,0,1,0,0
52,1,1,0,1,0,0
52,1,1,0,1,0,1
52,1,1,0,1,0,1
52,1,1,0,1,0,2
52,1,1,0,1,0,2
52,1,1,0,1,1,-1
52,1,1,0,1,1,-1
52,1,1,0,1,1,-1
52,1,1,0,1,1,-1
52,1,1,0,1,1,-1
52,1,1,0,1,1,-1
52,1,1,0,1,2,-1
52,1,1,0,1,2,-1
52,1,1,0,1,2,-1
52,1,1,0,1,2,-1
52,1,1,0,1,2,-1
52,1,1,0,1,2,-1
52,1,1,0,1,2,-1
52,1,1,0,1,2,-1
52,1,1,0,1,2,-1
52,1,1,0,1,2,-1
53,1,1,0,1,0,0
53,1,1,0,1,0,0
53,1,1,0,1,0,1
53,1,1,0,1,0,1
53,1,1,0,1,0,2
53,0,1,0,1,0,2
53,1,1,0,1,1,-1
53,1,1,0,1,1,-1
53,1,1,0,1,1,-1
53,1,1,0,1,1,-1
53,1,1,0,1,1,-1
53,1,1,0,1,1,-1
53,1,1,0,1,2,-1
53,1,1,0,1,2,-1
53,0,0,0,1,2,-1
53,1,1,0,1,2,-1
53,1,1,0,1,2,-1
53,1,1,0,1,2,-1
53,1,1,0,1,2,-1
53,1,1,0,1,2,-1
53,1,1,0,1,2,-1
53,0,0,0,1,2,-1
54,1,1,0,1,0,0
54,1,1,0,1,0,0
54,1,1,0,1,0,1
54,1,1,0,1,0,1
54,0,0,0,1,0,2
54,0,0,0,1,0,2
54,1,1,0,1,1,-1
54,1,1,0,1,1,-1
54,0,0,0,1,1,-1
54,1,1,0,1,1,-1
54,0,0,0,1,1,-1
54,0,0,0,1,1,-1
54,1,1,0,1,2,-1
54,1,1,0,1,2,-1
54,0,0,0,1,2,-1
54,1,1,0,1,2,-1
54,1,1,0,1,2,-1
54,1,1,0,1,2,-1
54,1,1,0,1,2,-1
54,0,1,0,1,2,-1
54,1,1,0,1,2,-1
54,0,0,0,1,2,-1
55,1,1,0,1,0,0
55,1,1,0,1,0,0
55,1,1,0,1,0,1
55,1,1,0,1,0,1
55,1,1,0,1,0,2
55,1,1,0,1,0,2
55,1,1,0,1,1,-1
55,1,1,0,1,1,-1
55,0,1,0,1,1,-1
55,1,1,0,1,1,-1
55,1,1,0,1,1,-1
55,0,1,0,1,1,-1
55,1,1,0,1,2,-1
55,1,1,0,1,2,-1
55,1,1,0,1,2,-1
55,1,1,0,1,2,-1
55,1,1,0,1,2,-1
55,1,1,0,1,2,-1
55,1,1,0,1,2,-1
55,1,1,0,1,2,-1
55,1,1,0,1,2,-1
55,1,1,0,1,2,-1
56,1,1,0,1,0,0
56,1,1,0,1,0,0
56,1,1,0,1,0,1
56,1,1,0,1,0,1
56,0,0,0,1,0,2
56,0,0,0,1,0,2
56,1,1,0,1,1,-1
56,1,1,0,1,1,-1
56,1,1,0,1,1,-1
56,0,0,0,1,1,-1
56,0,0,0,1,1,-1
56,0,0,0,1,1,-1
56,1,1,0,1,2,-1
56,1,1,0,1,2,-1
56,1,1,0,1,2,-1
56,0,0,0,1,2,-1
56,0,1,0,1,2,-1
56,0,0,0,1,2,-1
56,0,1,0,1,2,-1
56,0,1,0,1,2,-1
56,0,0,0,1,2,-1
56,0,0,0,1,2,-1
57,1,1,0,1,0,0
57,1,1,0,1,0,0
57,1,1,0,1,0,1
57,1,1,0,1,0,1
57,0,0,0,1,0,2
57,0,0,0,1,0,2
57,1,1,0,1,1,-1
57,1,1,0,1,1,-1
57,1,1,0,1,1,-1
57,1,1,0,1,1,-1
57,1,1,0,1,1,-1
57,1,1,0,1,1,-1
57,1,1,0,1,2,-1
57,1,1,0,1,2,-1
57,1,1,0,1,2,-1
57,1,1,0,1,2,-1
57,1,1,0,1,2,-1
57,1,1,0,1,2,-1
57,1,1,0,1,2,-1
57,1,1,0,1,2,-1
57,1,1,0,1,2,-1
57,1,1,0,1,2,-1
58,1,1,0,1,0,0
58,1,1,0,1,0,0
58,1,1,0,1,0,1
58,1,1,0,1,0,1
58,1,1,0,1,0,2
58,0,1,0,1,0,2
58,1,1,0,1,1,-1
58,1,1,0,1,1,-1
58,1,1,0,1,1,-1
58,1,1,0,1,1,-1
58,1,1,0,1,1,-1
58,0,1,0,1,1,-1
58,1,1,0,1,2,-1
58,1,1,0,1,2,-1
58,0,0,0,1,2,-1
58,0,1,0,1,2,-1
58,1,1,0,1,2,-1
58,1,1,0,1,2,-1
58,1,1,0,1,2,-1
58,0,1,0,1,2,-1
58,1,1,0,1,2,-1
58,1,1,0,1,2,-1
59,1,1,0,1,0,0
59,1,1,0,1,0,0
59,1,1,0,1,0,1
59,1,1,0,1,0,1
59,1,1,0,1,0,2
59,1,1,0,1,0,2
59,1,1,0,1,1,-1
59,0,1,0,1,1,-1
59,1,1,0,1,1,-1
59,1,1,0,1,1,-1
59,0,0,0,1,1,-1
59,1,1,0,1,1,-1
59,1,1,0,1,2,-1
59,0,1,0,1,2,-1
59,1,1,0,1,2,-1
59,1,1,0,1,2,-1
59,1,1,0,1,2,-1
59,1,1,0,1,2,-1
59,1,1,0,1,2,-1
59,1,1,0,1,2,-1
59,1,1,0,1,2,-1
59,1,1,0,1,2,-1
60,1,1,0,1,0,0
60,1,1,0,1,0,0
60,1,1,0,1,0,1
60,1,1,0,1,0,1
60,0,0,0,1,0,2
60,0,0,0,1,0,2
60,1,1,0,1,1,-1
60,0,1,0,1,1,-1
60,1,1,0,1,1,-1
60,1,1,0,1,1,-1
60,0,1,0,1,1,-1
60,1,1,0,1,1,-1
60,1,1,0,1,2,-1
60,1,1,0,1,2,-1
60,1,1,0,1,2,-1
60,1,1,0,1,2,-1
60,1,1,0,1,2,-1
60,1,1,0,1,2,-1
60,1,1,0,1,2,-1
60,1,1,0,1,2,-1
60,1,1,0,1,2,-1
60,1,1,0,1,2,-1
61,1,1,0,1,0,0
61,1,1,0,1,0,0
61,1,1,0,1,0,1
61,1,1,0,1,0,1
61,1,1,0,1,0,2
61,1,1,0,1,0,2
61,1,1,0,1,1,-1
61,1,1,0,1,1,-1
61,1,1,0,1,1,-1
61,1,1,0,1,1,-1
61,0,0,0,1,1,-1
61,1,1,0,1,1,-1
61,1,1,0,1,2,-1
61,1,1,0,1,2,-1
61,1,1,0,1,2,-1
61,1,1,0,1,2,-1
61,1,1,0,1,2,-1
61,1,1,0,1,2,-1
61,1,1,0,1,2,-1
61,1,1,0,1,2,-1
61,1,1,0,1,2,-1
61,1,1,0,1,2,-1
62,1,1,0,1,0,0
62,1,1,0,1,0,0
62,1,1,0,1,0,1
62,1,1,0,1,0,1
62,1,1,0,1,0,2
62,1,1,0,1,0,2
62,1,1,0,1,1,-1
62,1,1,0,1,1,-1
62,1,1,0,1,1,-1
62,1,1,0,1,1,-1
62,0,1,0,1,1,-1
62,1,1,0,1,1,-1
62,1,1,0,1,2,-1
62,1,1,0,1,2,-1
62,1,1,0,1,2,-1
62,1,1,0,1,2,-1
62,1,1,0,1,2,-1
62,1,1,0,1,2,-1
62,1,1,0,1,2,-1
62,1,1,0,1,2,-1
62,1,1,0,1,2,-1
62,1,1,0,1,2,-1
63,1,1,0,1,0,0
63,1,1,0,1,0,0
63,1,1,0,1,0,1
63,1,1,0,1,0,1
63,1,1,0,1,0,2
63,0,0,0,1,0,2
63,1,1,0,1,1,-1
63,1,1,0,1,1,-1
63,1,1,0,1,1,-1
63,1,1,0,1,1,-1
63,0,1,0,1,1,-1
63,0,0,0,1,1,-1
63,0,1,0,1,2,-1
63,0,1,0,1,2,-1
63,0,1,0,1,2,-1
63,0,1,0,1,2,-1
63,0,0,0,1,2,-1
63,0,0,0,1,2,-1
63,0,0,0,1,2,-1
63,0,0,0,1,2,-1
63,0,0,0,1,2,-1
63,0,0,0,1,2,-1
64,1,1,0,1,0,0
64,1,1,0,1,0,0
64,1,1,0,1,0,1
64,1,1,0,1,0,1
64,1,1,0,1,0,2
64,1,1,0,1,0,2
64,1,1,0,1,1,-1
64,1,1,0,1,1,-1
64,0,1,0,1,1,-1
64,1,1,0,1,1,-1
64,1,1,0,1,1,-1
64,1,1,0,1,1,-1
64,1,1,0,1,2,-1
64,1,1,0,1,2,-1
64,1,1,0,1,2,-1
64,1,1,0,1,2,-1
64,1,1,0,1,2,-1
64,1,1,0,1,2,-1
64,1,1,0,1,2,-1
64,1,1,0,1,2,-1
64,1,1,0,1,2,-1
64,0,1,0,1,2,-1
65,1,1,0,1,0,0
65,1,1,0,1,0,0
65,1,1,0,1,0,1
65,1,1,0,1,0,1
65,0,0,0,1,0,2
65,0,0,0,1,0,2
65,1,1,0,1,1,-1
65,1,1,0,1,1,-1
65,0,0,0,1,1,-1
65,1,1,0,1,1,-1
65,0,0,0,1,1,-1
65,0,0,0,1,1,-1
65,1,1,0,1,2,-1
65,1,1,0,1,2,-1
65,0,1,0,1,2,-1
65,1,1,0,1,2,-1
65,0,0,0,1,2,-1
65,0,0,0,1,2,-1
65,1,1,0,1,2,-1
65,0,1,0,1,2,-1
65,0,0,0,1,2,-1
65,0,1,0,1,2,-1
66,1,1,0,1,0,0
66,1,1,0,1,0,0
66,1,1,0,1,0,1
66,1,1,0,1,0,1
66,1,1,0,1,0,2
66,1,1,0,1,0,2
66,1,1,0,1,1,-1
66,1,1,0,1,1,-1
66,1,1,0,1,1,-1
66,1,1,0,1,1,-1
66,1,1,0,1,1,-1
66,1,1,0,1,1,-1
66,1,1,0,1,2,-1
66,1,1,0,1,2,-1
66,1,1,0,1,2,-1
66,1,1,0,1,2,-1
66,1,1,0,1,2,-1
66,1,1,0,1,2,-1
66,1,1,0,1,2,-1
66,1,1,0,1,2,-1
66,1,1,0,1,2,-1
66,1,1,0,1,2,-1
67,1,1,0,1,0,0
67,1,1,0,1,0,0
67,1,1,0,1,0,1
67,1,1,0,1,0,1
67,0,0,0,1,0,2
67,0,0,0,1,0,2
67,1,1,0,1,1,-1
67,1,1,0,1,1,-1
67,0,0,0,1,1,-1
67,0,0,0,1,1,-1
67,0,0,0,1,1,-1
67,0,0,0,1,1,-1
67,1,1,0,1,2,-1
67,0,0,0,1,2,-1
67,1,1,0,1,2,-1
67,0,1,0,1,2,-1
67,0,0,0,1,2,-1
67,0,0,0,1,2,-1
67,1,1,0,1,2,-1
67,0,0,0,1,2,-1
67,0,1,0,1,2,-1
67,0,0,0,1,2,-1
68,1,1,0,1,0,0
68,1,1,0,1,0,0
68,1,1,0,1,0,1
68,1,1,0,1,0,1
68,0,0,0,1,0,2
68,1,1,0,1,0,2
68,1,1,0,1,1,-1
68,1,1,0,1,1,-1
68,1,1,0,1,1,-1
68,1,1,0,1,1,-1
68,1,1,0,1,1,-1
68,1,1,0,1,1,-1
68,1,1,0,1,2,-1
68,1,1,0,1,2,-1
68,1,1,0,1,2,-1
68,1,1,0,1,2,-1
68,1,1,0,1,2,-1
68,1,1,0,1,2,-1
68,1,1,0,1,2,-1
68,1,1,0,1,2,-1
68,1,1,0,1,2,-1
68,1,1,0,1,2,-1
69,1,1,0,1,0,0
69,1,1,0,1,0,0
69,1,1,0,1,0,1
69,1,1,0,1,0,1
69,1,1,0,1,0,2
69,1,1,0,1,0,2
69,1,1,0,1,1,-1
69,1,1,0,1,1,-1
69,1,1,0,1,1,-1
69,1,1,0,1,1,-1
69,1,1,0,1,1,-1
69,1,1,0,1,1,-1
69,1,1,0,1,2,-1
69,0,1,0,1,2,-1
69,1,1,0,1,2,-1
69,1,1,0,1,2,-1
69,1,1,0,1,2,-1
69,1,1,0,1,2,-1
69,1,1,0,1,2,-1
69,1,1,0,1,2,-1
69,1,1,0,1,2,-1
69,1,1,0,1,2,-1
70,1,1,0,1,0,0
70,1,1,0,1,0,0
70,1,1,0,1,0,1
70,1,1,0,1,0,1
70,1,1,0,1,0,2
70,1,1,0,1,0,2
70,1,1,0,1,1,-1
70,1,1,0,1,1,-1
70,1,1,0,1,1,-1
70,1,1,0,1,1,-1
70,1,1,0,1,1,-1
70,1,1,0,1,1,-1
70,1,1,0,1,2,-1
70,1,1,0,1,2,-1
70,1,1,0,1,2,-1
70,1,1,0,1,2,-1
70,1,1,0,1,2,-1
70,1,1,0,1,2,-1
70,1,1,0,1,2,-1
70,1,1,0,1,2,-1
70,1,1,0,1,2,-1
70,1,1,0,1,2,-1
71,1,1,0,1,0,0
71,1,1,0,1,0,0
71,1,1,0,1,0,1
71,1,1,0,1,0,1
71,1,1,0,1,0,2
71,1,1,0,1,0,2
71,1,1,0,1,1,-1
71,1,1,0,1,1,-1
71,1,1,0,1,1,-1
71,0,1,0,1,1,-1
71,1,1,0,1,1,-1
71,1,1,0,1,1,-1
71,1,1,0,1,2,-1
71,1,1,0,1,2,-1
71,1,1,0,1,2,-1
71,1,1,0,1,2,-1
71,1,1,0,1,2,-1
71,1,1,0,1,2,-1
71,1,1,0,1,2,-1
71,1,0,0,1,2,-1
71,1,1,0,1,2,-1
71,1,1,0,1,2,-1
72,1,1,0,1,0,0
72,1,1,0,1,0,0
72,1,1,0,1,0,1
72,1,1,0,1,0,1
72,1,1,0,1,0,2
72,1,1,0,1,0,2
72,1,1,0,1,1,-1
72,1,1,0,1,1,-1
72,1,1,0,1,1,-1
72,1,1,0,1,1,-1
72,1,1,0,1,1,-1
72,1,1,0,1,1,-1
72,1,1,0,1,2,-1
72,1,1,0,1,2,-1
72,1,1,0,1,2,-1
72,1,1,0,1,2,-1
72,1,1,0,1,2,-1
72,1,1,0,1,2,-1
72,1,1,0,1,2,-1
72,1,1,0,1,2,-1
72,1,1,0,1,2,-1
72,1,1,0,1,2,-1
73,1,1,0,1,0,0
73,1,1,0,1,0,0
73,1,1,0,1,0,1
73,1,1,0,1,0,1
73,0,0,0,1,0,2
73,0,0,0,1,0,2
73,1,1,0,1,1,-1
73,1,1,0,1,1,-1
73,0,1,0,1,1,-1
73,1,1,0,1,1,-1
73,0,0,0,1,1,-1
73,0,1,0,1,1,-1
73,1,1,0,1,2,-1
73,1,1,0,1,2,-1
73,1,1,0,1,2,-1
73,1,1,0,1,2,-1
73,0,1,0,1,2,-1
73,1,1,0,1,2,-1
73,0,0,0,1,2,-1
73,0,1,0,1,2,-1
73,0,0,0,1,2,-1
73,1,1,0,1,2,-1
74,1,1,0,1,0,0
74,1,1,0,1,0,0
74,1,1,0,1,0,1
74,1,1,0,1,0,1
74,1,1,0,1,0,2
74,1,1,0,1,0,2
74,1,1,0,1,1,-1
74,1,1,0,1,1,-1
74,1,1,0,1,1,-1
74,1,1,0,1,1,-1
74,1,1,0,1,1,-1
74,1,1,0,1,1,-1
74,1,1,0,1,2,-1
74,1,1,0,1,2,-1
74,1,1,0,1,2,-1
74,1,1,0,1,2,-1
74,1,1,0,1,2,-1
74,1,1,0,1,2,-1
74,1,1,0,1,2,-1
74,1,1,0,1,2,-1
74,1,1,0,1,2,-1
74,0,1,0,1,2,-1
75,1,1,0,1,0,0
75,1,1,0,1,0,0
75,1,1,0,1,0,1
75,1,1,0,1,0,1
75,0,0,0,1,0,2
75,0,0,0,1,0,2
75,1,1,0,1,1,-1
75,1,1,0,1,1,-1
75,1,1,0,1,1,-1
75,1,1,0,1,1,-1
75,1,1,0,1,1,-1
75,1,1,0,1,1,-1
75,1,1,0,1,2,-1
75,1,1,0,1,2,-1
75,1,1,0,1,2,-1
75,1,1,0,1,2,-1
75,1,1,0,1,2,-1
75,1,1,0,1,2,-1
75,1,1,0,1,2,-1
75,1,1,0,1,2,-1
75,1,1,0,1,2,-1
75,1,1,0,1,2,-1
76,1,1,0,1,0,0
76,1,1,0,1,0,0
76,1,1,0,1,0,1
76,1,1,0,1,0,1
76,0,0,0,1,0,2
76,0,0,0,1,0,2
76,1,1,0,1,1,-1
76,0,0,0,1,1,-1
76,0,0,0,1,1,-1
76,0,0,0,1,1,-1
76,0,1,0,1,1,-1
76,0,0,0,1,1,-1
76,1,1,0,1,2,-1
76,1,1,0,1,2,-1
76,0,0,0,1,2,-1
76,0,0,0,1,2,-1
76,0,1,0,1,2,-1
76,0,0,0,1,2,-1
76,1,1,0,1,2,-1
76,0,0,0,1,2,-1
76,0,0,0,1,2,-1
76,0,0,0,1,2,-1
77,1,1,0,1,0,0
77,1,1,0,1,0,0
77,1,1,0,1,0,1
77,1,1,0,1,0,1
77,1,1,0,1,0,2
77,1,1,0,1,0,2
77,1,1,0,1,1,-1
77,1,1,0,1,1,-1
77,1,1,0,1,1,-1
77,1,1,0,1,1,-1
77,1,1,0,1,1,-1
77,1,1,0,1,1,-1
77,1,1,0,1,2,-1
77,1,1,0,1,2,-1
77,1,1,0,1,2,-1
77,1,1,0,1,2,-1
77,1,1,0,1,2,-1
77,1,1,0,1,2,-1
77,1,1,0,1,2,-1
77,1,1,0,1,2,-1
77,1,1,0,1,2,-1
77,1,1,0,1,2,-1
78,1,1,0,1,0,0
78,1,1,0,1,0,0
78,1,1,0,1,0,1
78,1,1,0,1,0,1
78,1,1,0,1,0,2
78,1,1,0,1,0,2
78,1,1,0,1,1,-1
78,1,1,0,1,1,-1
78,1,1,0,1,1,-1
78,1,1,0,1,1,-1
78,1,1,0,1,1,-1
78,1,1,0,1,1,-1
78,1,1,0,1,2,-1
78,1,1,0,1,2,-1
78,1,1,0,1,2,-1
78,1,1,0,1,2,-1
78,1,1,0,1,2,-1
78,1,1,0,1,2,-1
78,1,1,0,1,2,-1
78,1,1,0,1,2,-1
78,1,1,0,1,2,-1
78,1,1,0,1,2,-1
79,1,1,0,1,0,0
79,1,1,0,1,0,0
79,1,1,0,1,0,1
79,0,0,0,1,0,1
79,1,1,0,1,0,2
79,1,1,0,1,0,2
79,0,1,0,1,1,-1
79,0,1,0,1,1,-1
79,0,0,0,1,1,-1
79,1,1,0,1,1,-1
79,0,0,0,1,1,-1
79,0,0,0,1,1,-1
79,0,1,0,1,2,-1
79,0,0,0,1,2,-1
79,1,1,0,1,2,-1
79,1,1,0,1,2,-1
79,0,1,0,1,2,-1
79,1,1,0,1,2,-1
79,0,0,0,1,2,-1
79,0,0,0,1,2,-1
79,0,0,0,1,2,-1
79,0,0,0,1,2,-1
80,1,1,0,1,0,0
80,1,1,0,1,0,0
80,1,1,0,1,0,1
80,1,1,0,1,0,1
80,1,1,0,1,0,2
80,1,1,0,1,0,2
80,1,1,0,1,1,-1
80,1,1,0,1,1,-1
80,1,1,0,1,1,-1
80,0,0,0,1,1,-1
80,1,1,0,1,1,-1
80,1,1,0,1,1,-1
80,1,1,0,1,2,-1
80,1,1,0,1,2,-1
80,1,1,0,1,2,-1
80,1,1,0,1,2,-1
80,1,1,0,1,2,-1
80,1,1,0,1,2,-1
80,0,1,0,1,2,-1
80,0,1,0,1,2,-1
80,1,1,0,1,2,-1
80,1,1,0,1,2,-1
81,1,1,0,1,0,0
81,1,1,0,1,0,0
81,1,1,0,1,0,1
81,1,1,0,1,0,1
81,0,1,0,1,0,2
81,1,1,0,1,0,2
81,1,1,0,1,1,-1
81,1,1,0,1,1,-1
81,0,1,0,1,1,-1
81,1,1,0,1,1,-1
81,0,1,0,1,1,-1
81,1,1,0,1,1,-1
81,1,1,0,1,2,-1
81,1,1,0,1,2,-1
81,0,1,0,1,2,-1
81,1,1,0,1,2,-1
81,0,0,0,1,2,-1
81,0,1,0,1,2,-1
81,1,1,0,1,2,-1
81,0,1,0,1,2,-1
81,0,1,0,1,2,-1
81,1,1,0,1,2,-1
82,1,1,0,1,0,0
82,1,1,0,1,0,0
82,1,1,0,1,0,1
82,1,1,0,1,0,1
82,1,1,0,1,0,2
82,1,1,0,1,0,2
82,1,1,0,1,1,-1
82,0,1,0,1,1,-1
82,0,0,0,1,1,-1
82,1,1,0,1,1,-1
82,0,0,0,1,1,-1
82,0,1,0,1,1,-1
82,0,0,0,1,2,-1
82,0,0,0,1,2,-1
82,1,1,0,1,2,-1
82,0,0,0,1,2,-1
82,0,1,0,1,2,-1
82,0,0,0,1,2,-1
82,0,0,0,1,2,-1
82,0,0,0,1,2,-1
82,0,0,0,1,2,-1
82,0,0,0,1,2,-1
83,1,1,0,1,0,0
83,1,1,0,1,0,0
83,1,1,0,1,0,1
83,1,1,0,1,0,1
83,1,1,0,1,0,2
83,1,1,0,1,0,2
83,1,1,0,1,1,-1
83,1,1,0,1,1,-1
83,1,1,0,1,1,-1
83,1,1,0,1,1,-1
83,0,1,0,1,1,-1
83,1,1,0,1,1,-1
83,1,1,0,1,2,-1
83,1,1,0,1,2,-1
83,1,1,0,1,2,-1
83,0,1,0,1,2,-1
83,1,1,0,1,2,-1
83,1,1,0,1,2,-1
83,0,1,0,1,2,-1
83,1,1,0,1,2,-1
83,1,1,0,1,2,-1
83,1,1,0,1,2,-1
84,1,1,0,1,0,0
84,1,1,0,1,0,0
84,1,1,0,1,0,1
84,1,1,0,1,0,1
84,1,1,0,1,0,2
84,1,1,0,1,0,2
84,1,1,0,1,1,-1
84,1,1,0,1,1,-1
84,1,1,0,1,1,-1
84,1,1,0,1,1,-1
84,0,1,0,1,1,-1
84,1,1,0,1,1,-1
84,1,1,0,1,2,-1
84,1,1,0,1,2,-1
84,1,1,0,1,2,-1
84,1,1,0,1,2,-1
84,1,1,0,1,2,-1
84,1,1,0,1,2,-1
84,1,1,0,1,2,-1
84,1,1,0,1,2,-1
84,0,1,0,1,2,-1
84,0,0,0,1,2,-1
85,1,1,0,1,0,0
85,1,1,0,1,0,0
85,1,1,0,1,0,1
85,1,1,0,1,0,1
85,0,0,0,1,0,2
85,1,1,0,1,0,2
85,1,1,0,1,1,-1
85,1,1,0,1,1,-1
85,1,1,0,1,1,-1
85,1,1,0,1,1,-1
85,0,0,0,1,1,-1
85,1,1,0,1,1,-1
85,1,1,0,1,2,-1
85,1,1,0,1,2,-1
85,1,1,0,1,2,-1
85,1,1,0,1,2,-1
85,1,1,0,1,2,-1
85,1,1,0,1,2,-1
85,1,1,0,1,2,-1
85,1,1,0,1,2,-1
85,1,1,0,1,2,-1
85,1,1,0,1,2,-1
86,1,1,0,1,0,0
86,1,1,0,1,0,0
86,1,1,0,1,0,1
86,1,1,0,1,0,1
86,1,1,0,1,0,2
86,1,1,0,1,0,2
86,1,1,0,1,1,-1
86,1,1,0,1,1,-1
86,1,1,0,1,1,-1
86,1,1,0,1,1,-1
86,0,0,0,1,1,-1
86,0,1,0,1,1,-1
86,1,1,0,1,2,-1
86,1,1,0,1,2,-1
86,0,1,0,1,2,-1
86,0,0,0,1,2,-1
86,0,1,0,1,2,-1
86,0,1,0,1,2,-1
86,0,0,0,1,2,-1
86,0,0,0,1,2,-1
86,0,0,0,1,2,-1
86,0,0,0,1,2,-1
87,1,1,0,1,0,0
87,1,1,0,1,0,0
87,1,1,0,1,0,1
87,1,1,0,1,0,1
87,1,1,0,1,0,2
87,1,1,0,1,0,2
87,1,1,0,1,1,-1
87,1,1,0,1,1,-1
87,1,1,0,1,1,-1
87,0,0,0,1,1,-1
87,0,0,0,1,1,-1
87,0,0,0,1,1,-1
87,1,1,0,1,2,-1
87,1,1,0,1,2,-1
87,0,1,0,1,2,-1
87,0,0,0,1,2,-1
87,0,0,0,1,2,-1
87,0,0,0,1,2,-1
87,0,1,0,1,2,-1
87,0,0,0,1,2,-1
87,0,0,0,1,2,-1
87,0,0,0,1,2,-1
88,1,1,0,1,0,0
88,1,1,0,1,0,0
88,1,1,0,1,0,1
88,1,1,0,1,0,1
88,1,1,0,1,0,2
88,1,1,0,1,0,2
88,1,1,0,1,1,-1
88,1,1,0,1,1,-1
88,0,0,0,1,1,-1
88,1,1,0,1,1,-1
88,0,0,0,1,1,-1
88,0,0,0,1,1,-1
88,0,1,0,1,2,-1
88,0,1,0,1,2,-1
88,0,0,0,1,2,-1
88,0,0,0,1,2,-1
88,0,0,0,1,2,-1
88,0,1,0,1,2,-1
88,0,0,0,1,2,-1
88,0,0,0,1,2,-1
88,0,0,0,1,2,-1
88,0,0,0,1,2,-1
89,1,1,0,1,0,0
89,1,1,0,1,0,0
89,1,1,0,1,0,1
89,1,1,0,1,0,1
89,1,1,0,1,0,2
89,1,1,0,1,0,2
89,1,1,0,1,1,-1
89,1,1,0,1,1,-1
89,1,1,0,1,1,-1
89,1,1,0,1,1,-1
89,1,1,0,1,1,-1
89,1,1,0,1,1,-1
89,1,1,0,1,2,-1
89,1,1,0,1,2,-1
89,1,1,0,1,2,-1
89,1,1,0,1,2,-1
89,1,1,0,1,2,-1
89,1,1,0,1,2,-1
89,1,1,0,1,2,-1
89,1,0,0,1,2,-1
89,1,1,0,1,2,-1
89,1,1,0,1,2,-1
90,1,1,0,1,0,0
90,1,1,0,1,0,0
90,1,1,0,1,0,1
90,1,1,0,1,0,1
90,1,1,0,1,0,2
90,1,1,0,1,0,2
90,1,1,0,1,1,-1
90,1,1,0,1,1,-1
90,1,1,0,1,1,-1
90,1,1,0,1,1,-1
90,1,1,0,1,1,-1
90,1,1,0,1,1,-1
90,1,1,0,1,2,-1
90,1,1,0,1,2,-1
90,1,1,0,1,2,-1
90,1,1,0,1,2,-1
90,1,1,0,1,2,-1
90,1,1,0,1,2,-1
90,1,1,0,1,2,-1
90,1,1,0,1,2,-1
90,1,1,0,1,2,-1
90,1,1,0,1,2,-1
43,1,1,1,1,0,0
43,1,1,1,1,0,0
43,1,1,1,1,0,0
43,1,1,1,1,0,0
43,1,1,1,1,0,0
43,1,1,1,1,0,0
43,1,1,1,1,0,0
43,1,1,1,1,0,0
43,1,1,1,1,0,0
43,1,1,1,1,0,0
43,1,1,1,1,0,0
43,1,1,1,1,0,0
43,1,1,1,1,0,0
43,1,1,1,1,0,0
43,1,1,1,1,0,0
43,1,1,1,1,0,0
43,1,1,1,1,0,0
43,1,1,1,1,0,0
43,1,1,1,1,0,0
43,1,1,1,1,0,0
43,1,1,1,1,0,0
43,1,1,1,1,0,0
43,1,1,1,1,0,0
43,1,1,1,1,0,0
43,1,1,1,1,0,0
43,1,1,1,1,0,0
43,1,1,1,1,0,0
43,1,1,1,1,0,0
43,1,1,1,1,0,0
43,1,1,1,1,0,0
43,1,1,1,1,0,0
43,1,1,1,1,0,0
43,1,1,1,1,0,0
43,1,1,1,1,0,0
43,1,1,1,1,0,0
43,1,1,1,1,0,0
43,1,1,1,1,0,0
43,1,1,1,1,0,0
43,1,1,1,1,0,0
43,1,1,1,1,0,0
43,1,1,1,1,0,1
43,1,1,1,1,0,1
43,1,1,1,1,0,1
43,1,1,1,1,0,1
43,1,1,1,1,0,1
43,1,1,1,1,0,1
43,1,1,1,1,0,1
43,1,1,1,1,0,1
43,1,1,1,1,0,1
43,1,1,1,1,0,1
43,1,1,1,1,0,1
43,1,1,1,1,0,1
43,1,1,1,1,0,1
43,1,1,1,1,0,1
43,1,1,1,1,0,1
43,1,1,1,1,0,1
43,1,1,1,1,0,1
43,1,1,1,1,0,1
43,1,1,1,1,0,1
43,1,1,1,1,0,1
43,1,1,1,1,0,1
43,1,1,1,1,0,1
43,1,1,1,1,0,1
43,1,1,1,1,0,1
43,1,1,1,1,0,1
43,1,1,1,1,0,1
43,1,1,1,1,0,1
43,1,1,1,1,0,1
43,1,1,1,1,0,1
43,1,1,1,1,0,1
43,1,1,1,1,0,1
43,1,1,1,1,0,1
43,1,1,1,1,0,1
43,1,1,1,1,0,1
43,1,1,1,1,0,1
43,1,1,1,1,0,1
43,1,1,1,1,0,1
43,1,1,1,1,0,1
43,1,1,1,1,0,1
43,1,1,1,1,0,1
43,0,0,1,1,0,2
43,1,1,1,1,0,2
43,1,1,1,1,0,2
43,1,1,1,1,0,2
43,1,1,1,1,0,2
43,0,0,1,1,0,2
43,0,0,1,1,0,2
43,0,0,1,1,0,2
43,1,1,1,1,0,2
43,1,1,1,1,0,2
43,0,0,1,1,0,2
43,0,0,1,1,0,2
43,1,1,1,1,0,2
43,1,1,1,1,0,2
43,1,1,1,1,0,2
43,0,0,1,1,0,2
43,0,0,1,1,0,2
43,0,0,1,1,0,2
43,0,0,1,1,0,2
43,0,0,1,1,0,2
43,0,0,1,1,0,2
43,1,1,1,1,0,2
43,1,1,1,1,0,2
43,1,1,1,1,0,2
43,1,1,1,1,0,2
43,0,0,1,1,0,2
43,0,0,1,1,0,2
43,0,0,1,1,0,2
43,1,1,1,1,0,2
43,1,1,1,1,0,2
43,0,0,1,1,0,2
43,0,0,1,1,0,2
43,1,1,1,1,0,2
43,1,1,1,1,0,2
43,1,1,1,1,0,2
43,0,0,1,1,0,2
43,0,0,1,1,0,2
43,0,0,1,1,0,2
43,0,0,1,1,0,2
43,0,0,1,1,0,2
43,1,1,1,1,1,-1
43,1,1,1,1,1,-1
43,1,1,1,1,1,-1
43,1,1,1,1,1,-1
43,1,1,1,1,1,-1
43,1,1,1,1,1,-1
43,1,1,1,1,1,-1
43,1,1,1,1,1,-1
43,1,1,1,1,1,-1
43,1,1,1,1,1,-1
43,1,1,1,1,1,-1
43,1,1,1,1,1,-1
43,1,1,1,1,1,-1
43,1,1,1,1,1,-1
43,1,1,1,1,1,-1
43,1,1,1,1,1,-1
43,1,1,1,1,1,-1
43,1,1,1,1,1,-1
43,1,1,1,1,1,-1
43,1,1,1,1,1,-1
43,1,1,1,1,1,-1
43,1,1,1,1,1,-1
43,1,1,1,1,1,-1
43,1,1,1,1,1,-1
43,1,1,1,1,1,-1
43,1,1,1,1,1,-1
43,1,1,1,1,1,-1
43,0,1,1,1,1,-1
43,1,1,1,1,1,-1
43,1,1,1,1,1,-1
43,1,1,1,1,1,-1
43,1,1,1,1,1,-1
43,1,1,1,1,1,-1
43,1,1,1,1,1,-1
43,1,1,1,1,1,-1
43,1,1,1,1,1,-1
43,1,1,1,1,1,-1
43,1,1,1,1,1,-1
43,1,1,1,1,1,-1
43,1,1,1,1,1,-1
43,1,1,1,1,1,-1
43,1,1,1,1,1,-1
43,1,1,1,1,1,-1
43,1,1,1,1,1,-1
43,1,1,1,1,1,-1
43,1,1,1,1,1,-1
43,0,1,1,1,1,-1
43,0,0,1,1,1,-1
43,1,1,1,1,1,-1
43,1,1,1,1,1,-1
43,1,1,1,1,1,-1
43,0,1,1,1,1,-1
43,1,1,1,1,1,-1
43,1,1,1,1,1,-1
43,1,1,1,1,1,-1
43,1,1,1,1,1,-1
43,1,1,1,1,1,-1
43,0,1,1,1,1,-1
43,1,1,1,1,1,-1
43,1,1,1,1,1,-1
43,1,1,1,1,1,-1
43,1,1,1,1,1,-1
43,1,1,1,1,1,-1
43,1,1,1,1,1,-1
43,1,1,1,1,1,-1
43,1,1,1,1,1,-1
43,1,1,1,1,1,-1
43,1,1,1,1,1,-1
43,1,1,1,1,1,-1
43,1,1,1,1,1,-1
43,1,1,1,1,1,-1
43,1,1,1,1,1,-1
43,1,1,1,1,1,-1
43,1,1,1,1,1,-1
43,1,1,1,1,1,-1
43,1,1,1,1,1,-1
43,1,1,1,1,1,-1
43,1,1,1,1,1,-1
43,1,1,1,1,1,-1
43,1,1,1,1,1,-1
43,1,1,1,1,1,-1
43,0,1,1,1,1,-1
43,1,1,1,1,1,-1
43,0,1,1,1,1,-1
43,1,1,1,1,1,-1
43,0,0,1,1,1,-1
43,0,1,1,1,1,-1
43,0,0,1,1,1,-1
43,1,1,1,1,1,-1
43,1,1,1,1,1,-1
43,1,1,1,1,1,-1
43,0,0,1,1,1,-1
43,0,1,1,1,1,-1
43,0,0,1,1,1,-1
43,0,1,1,1,1,-1
43,0,0,1,1,1,-1
43,0,1,1,1,1,-1
43,0,1,1,1,1,-1
43,0,0,1,1,1,-1
43,0,1,1,1,1,-1
43,1,1,1,1,1,-1
43,0,1,1,1,1,-1
43,1,1,1,1,1,-1
43,1,1,1,1,1,-1
43,1,1,1,1,1,-1
43,0,1,1,1,1,-1
43,1,1,1,1,1,-1
43,0,1,1,1,1,-1
43,0,1,1,1,1,-1
43,1,1,1,1,1,-1
43,1,1,1,1,1,-1
43,1,1,1,1,1,-1
43,1,1,1,1,1,-1
43,1,1,1,1,1,-1
43,1,1,1,1,1,-1
43,1,1,1,1,1,-1
43,0,1,1,1,1,-1
43,0,1,1,1,1,-1
43,0,1,1,1,1,-1
43,0,1,1,1,1,-1
43,1,1,1,1,2,-1
43,1,1,1,1,2,-1
43,1,1,1,1,2,-1
43,1,1,1,1,2,-1
43,1,1,1,1,2,-1
43,1,1,1,1,2,-1
43,1,1,1,1,2,-1
43,1,1,1,1,2,-1
43,1,1,1,1,2,-1
43,1,1,1,1,2,-1
43,1,1,1,1,2,-1
43,1,1,1,1,2,-1
43,1,1,1,1,2,-1
43,1,1,1,1,2,-1
43,1,1,1,1,2,-1
43,1,1,1,1,2,-1
43,1,1,1,1,2,-1
43,1,1,1,1,2,-1
43,1,1,1,1,2,-1
43,1,1,1,1,2,-1
43,0,1,1,1,2,-1
43,1,1,1,1,2,-1
43,1,1,1,1,2,-1
43,1,1,1,1,2,-1
43,1,1,1,1,2,-1
43,1,1,1,1,2,-1
43,1,1,1,1,2,-1
43,0,1,1,1,2,-1
43,1,1,1,1,2,-1
43,1,1,1,1,2,-1
43,1,1,1,1,2,-1
43,1,1,1,1,2,-1
43,0,1,1,1,2,-1
43,0,1,1,1,2,-1
43,1,1,1,1,2,-1
43,1,1,1,1,2,-1
43,1,1,1,1,2,-1
43,1,1,1,1,2,-1
43,1,1,1,1,2,-1
43,0,1,1,1,2,-1
43,1,1,1,1,2,-1
43,1,1,1,1,2,-1
43,1,1,1,1,2,-1
43,1,1,1,1,2,-1
43,1,1,1,1,2,-1
43,1,1,1,1,2,-1
43,1,1,1,1,2,-1
43,1,1,1,1,2,-1
43,1,1,1,1,2,-1
43,1,1,1,1,2,-1
43,1,1,1,1,2,-1
43,1,1,1,1,2,-1
43,1,1,1,1,2,-1
43,1,1,1,1,2,-1
43,1,1,1,1,2,-1
43,1,1,1,1,2,-1
43,1,1,1,1,2,-1
43,1,1,1,1,2,-1
43,1,1,1,1,2,-1
43,1,1,1,1,2,-1
43,1,1,1,1,2,-1
43,1,1,1,1,2,-1
43,1,1,1,1,2,-1
43,1,1,1,1,2,-1
43,0,0,1,1,2,-1
43,1,1,1,1,2,-1
43,1,1,1,1,2,-1
43,1,1,1,1,2,-1
43,1,1,1,1,2,-1
43,1,1,1,1,2,-1
43,1,1,1,1,2,-1
43,1,1,1,1,2,-1
43,1,1,1,1,2,-1
43,1,1,1,1,2,-1
43,1,1,1,1,2,-1
43,1,1,1,1,2,-1
43,0,0,1,1,2,-1
43,1,1,1,1,2,-1
43,1,1,1,1,2,-1
43,1,1,1,1,2,-1
43,1,1,1,1,2,-1
43,0,1,1,1,2,-1
43,1,1,1,1,2,-1
43,0,1,1,1,2,-1
43,1,1,1,1,2,-1
43,1,1,1,1,2,-1
43,0,1,1,1,2,-1
43,1,1,1,1,2,-1
43,0,1,1,1,2,-1
43,1,1,1,1,2,-1
43,1,1,1,1,2,-1
43,1,1,1,1,2,-1
43,1,1,1,1,2,-1
43,1,1,1,1,2,-1
43,1,1,1,1,2,-1
43,1,1,1,1,2,-1
43,1,1,1,1,2,-1
43,1,1,1,1,2,-1
43,0,1,1,1,2,-1
43,1,1,1,1,2,-1
43,1,1,1,1,2,-1
43,1,1,1,1,2,-1
43,1,1,1,1,2,-1
43,1,1,1,1,2,-1
43,1,1,1,1,2,-1
43,1,1,1,1,2,-1
43,1,1,1,1,2,-1
43,0,1,1,1,2,-1
43,1,1,1,1,2,-1
43,1,1,1,1,2,-1
43,1,1,1,1,2,-1
43,1,1,1,1,2,-1
43,1,1,1,1,2,-1
43,1,1,1,1,2,-1
43,1,1,1,1,2,-1
43,1,1,1,1,2,-1
43,1,1,1,1,2,-1
43,1,1,1,1,2,-1
43,1,1,1,1,2,-1
43,1,1,1,1,2,-1
43,1,1,1,1,2,-1
43,1,1,1,1,2,-1
43,1,1,1,1,2,-1
43,1,1,1,1,2,-1
43,1,1,1,1,2,-1
43,1,1,1,1,2,-1
43,1,1,1,1,2,-1
43,1,1,1,1,2,-1
43,1,1,1,1,2,-1
43,1,1,1,1,2,-1
43,1,1,1,1,2,-1
43,1,1,1,1,2,-1
43,1,1,1,1,2,-1
43,1,1,1,1,2,-1
43,1,1,1,1,2,-1
43,1,1,1,1,2,-1
43,1,1,1,1,2,-1
43,0,1,1,1,2,-1
43,1,1,1,1,2,-1
43,1,1,1,1,2,-1
43,0,1,1,1,2,-1
43,0,1,1,1,2,-1
43,1,1,1,1,2,-1
43,0,1,1,1,2,-1
43,0,1,1,1,2,-1
43,0,1,1,1,2,-1
43,1,1,1,1,2,-1
43,0,1,1,1,2,-1
43,1,1,1,1,2,-1
43,1,1,1,1,2,-1
43,1,1,1,1,2,-1
43,0,1,1,1,2,-1
43,1,1,1,1,2,-1
43,1,1,1,1,2,-1
43,1,1,1,1,2,-1
43,0,0,1,1,2,-1
43,0,1,1,1,2,-1
43,1,1,1,1,2,-1
43,1,1,1,1,2,-1
43,0,1,1,1,2,-1
43,0,1,1,1,2,-1
43,1,1,1,1,2,-1
43,1,1,1,1,2,-1
43,1,1,1,1,2,-1
43,1,1,1,1,2,-1
43,1,1,1,1,2,-1
43,0,1,1,1,2,-1
43,1,1,1,1,2,-1
43,1,1,1,1,2,-1
43,0,1,1,1,2,-1
43,1,1,1,1,2,-1
43,1,1,1,1,2,-1
43,0,1,1,1,2,-1
43,1,1,1,1,2,-1
43,1,1,1,1,2,-1
43,0,0,1,1,2,-1
43,0,0,1,1,2,-1
43,1,1,1,1,2,-1
43,0,1,1,1,2,-1
43,1,1,1,1,2,-1
43,1,1,1,1,2,-1
43,1,1,1,1,2,-1
43,1,1,1,1,2,-1
43,1,1,1,1,2,-1
43,1,1,1,1,2,-1
43,1,1,1,1,2,-1
43,1,1,1,1,2,-1
43,1,1,1,1,2,-1
43,1,1,1,1,2,-1
43,1,1,1,1,2,-1
43,1,1,1,1,2,-1
43,1,1,1,1,2,-1
43,1,1,1,1,2,-1
43,1,1,1,1,2,-1
43,1,1,1,1,2,-1
43,1,1,1,1,2,-1
43,1,1,1,1,2,-1
43,1,1,1,1,2,-1
43,1,1,1,1,2,-1
43,1,1,1,1,2,-1
